C_CODE,C_STATE,C_DESCR,C_DRYMATTER_G,C_WATER_G,C_ENERG_KCAL,C_PROTEIN_G,C_LIPID_TOT_G,C_CARBOHYDRT_G,C_FIBER_TD_G,C_CALCIUM_MG,C_IRON_MG,C_ZINC_MG,C_VIT_C_MG,C_THIAMIN_MG,C_RIBOFLAVIN_MG,C_NIACIN_MG,C_VIT_B6_MG,C_FOLATE_TOT_MCG,C_FOLIC_ACID_MCG,C_FOOD_FOLATE_MCG,C_FOLATE_MCG_DFE,C_VIT_B12_MCG,C_VIT_A_IU,C_VIT_A_MCG_RAE,C_RETINOL_MCG,C_ALPHA_CAROT_MCG,C_BETA_CAROT_MCG,C_BETA_CRYPT_MCG
1,1,"BAJRA, RAW",87.6,12.4,361,11.6,5,67.5,11,42,8,3.1,0,0.33,0.25,2.3,0,46,0,46,46,0,0,0,0,0,132,0
2,1,"BARLEY, RAW",87.5,12.5,336,11.5,1.3,69.6,0,26,1.7,1.2,0,0.47,0.2,5.4,0,0,0,0,0,0,0,0,0,0,0,0
3,1,ITALIAN MILLET,88.8,11.2,331,12.3,4.3,60.9,0,31,2.8,2.4,0,0.59,0.11,3.2,0,15,4,4,4,0,0,0,0,0,32,0
4,1,JOWAR RAW,88.1,11.9,349,10.4,1.9,72.6,8,25,4.1,1.6,0,0.37,0.13,3.1,0.21,20,0,20,20,0,0,0,0,0,47,0
5,1,MAIZE DRY,85.1,14.9,342,11.1,3.6,66.2,12,10,2.3,2.8,0,0.42,0.1,1.8,0,20,0,20,20,0,0,0,0,0,90,0
6,1,MAIZE TENDER,32.9,67.1,125,4.7,0.9,24.6,0,9,1.1,0,6,0.11,0.17,0.6,0,0,0,0,0,0,0,0,0,0,32,0
7,1,PANIVARAGU,88.1,11.9,341,12.5,1.1,70.4,0,14,0.8,1.4,0,0.2,0.18,2.3,0,0,0,0,0,0,0,0,0,0,0,0
8,1,RAGI RAW,86.9,13.1,328,7.3,1.3,72,12,344,3.9,2.3,0,0.42,0.19,1.1,0,18,0,18,18,0,0,0,0,0,42,0
9,1,RICE PARBOILED HANDPOUNDED,87.4,12.6,349,8.5,0.6,77.4,0,10,2.8,1.4,0,0.27,0.12,4,0,0,0,0,0,0,0,0,0,0,9,0
10,1,RICE PARBOILED MILLED,86.7,13.3,340,6.4,0.4,79,0,9,1,1.4,0,0.21,0.05,3.8,0.24,11,0,11,11,0,0,0,0,0,0,0
11,1,RICE RAW HANDPOUNDED,86.7,13.3,346,7.5,1,76.7,0,10,3.2,1.4,0,0.21,0.16,3.9,0,0,0,0,0,0,0,0,0,0,2,0
12,1,RICE RAW MILLED,86.3,13.7,345,6.8,0.5,78.2,4,10,0.7,1.3,0,0.06,0.06,1.9,0,8,0,8,8,0,0,0,0,0,0,0
13,1,RICE BRAN,89,11,393,13.5,16.2,48.4,0,67,35,1.3,0,2.7,0.48,29.8,0,0,0,0,0,0,0,0,0,0,0,0
14,1,RICE FLAKES,87.8,12.2,346,6.6,1.2,77.3,0,20,20,0,0,0.21,0.05,4,0,0,0,0,0,0,0,0,0,0,0,0
15,1,RICE PUFFED,85.3,14.7,325,7.5,0.1,73.6,0,23,6.6,0,0,0.21,0.01,4.1,0,0,0,0,0,0,0,0,0,0,0,0
16,1,SAMAI,88.5,11.5,341,7.7,4.7,67,0,17,9.3,3.7,0,0.3,0.09,3.2,0,9,0,9,9,0,0,0,0,0,0,0
17,1,SANWA MILLET,88.1,11.9,307,6.2,2.2,65.5,0,20,5,3,0,0.33,0.1,4.2,0,0,0,0,0,0,0,0,0,0,0,0
18,1,VARAGU RAW,87.2,12.8,309,8.3,1.4,65.9,0,27,0.5,0.7,0,0.33,0.09,2,0,23,0,23,23,0,0,0,0,0,0,0
19,1,WHEAT BULGAR PARBOILED,90.2,9.8,356,8.2,1.6,77.2,0,37,4.9,0,0,0.74,0.11,4.8,0,0,0,0,0,0,0,0,0,0,0,0
20,1,WHEAT WHOLE,87.2,12.8,346,11.8,1.5,71.2,13,41,5.3,2.7,0,0.45,0.17,5.5,0.57,37,0,37,37,0,0,0,0,0,64,0
21,1,WHEAT FLOUR WHOLE,87.8,12.2,341,12.1,1.7,69.4,0,48,4.9,2.2,0,0.49,0.17,4.3,0,36,0,36,36,0,0,0,0,0,29,0
22,1,WHEAT FLOUR REFINED,86.7,13.3,348,11,0.9,73.9,0,23,2.7,0.6,0,0.12,0.07,2.4,0,0,0,0,0,0,0,0,0,0,25,0
23,1,WHEAT GERM,94.8,5.2,397,29.2,7.4,53.3,13,40,6,0,0,1.4,0.54,2.9,0,0,0,0,0,0,0,0,0,0,0,0
24,1,WHEAT SEMOLINA,100,0,348,10.4,0.8,74.8,0,16,1.6,0,0,0.12,0.03,1.6,0,0,0,0,0,0,0,0,0,0,0,0
25,1,WHEAT VERMICELLI,88.3,11.7,352,8.7,0.4,78.3,0,22,2,0,0,0.19,0.05,1.8,0,0,0,0,0,0,0,0,0,0,0,0
26,6,WHEAT BREAD BROWN,61,39,244,8.8,1.4,49,0,18,2.2,0,0,0.21,0,2.5,0,0,0,0,0,0,0,0,0,0,0,0
27,6,WHEAT BREAD WHITE,61,39,245,7.8,0.7,51.9,0,11,1.1,0,0,0.07,0,0.7,0,0,0,0,0,0,0,0,0,0,0,0
28,1,BENGAL GRAM WHOLE,90.2,9.8,360,17.1,5.3,60.9,28,202,4.6,6.1,3,0.3,0.15,2.9,0,186,0,186,186,0,0,0,0,0,189,0
29,1,BENGAL GRAM DAL,90.1,9.9,378,20.8,5.6,59.8,15,56,4.6,1.7,1,0.48,0.18,2.4,0,148,0,148,148,0,0,0,0,0,129,0
30,5,BENGAL GRAM ROASTED,89.3,10.7,369,22.5,5.2,58.1,0,58,9.5,0,0,0.2,0,1.3,0,139,0,139,139,0,0,0,0,0,113,0
31,1,BLACK GRAM DHAL,89.1,10.9,347,24,1.4,59.6,12,154,3.8,3,0,0.42,0.2,2,0,132,0,132,132,0,0,0,0,0,38,0
32,1,COW PEA,86.6,13.4,323,24.1,1,54.5,0,77,8.6,4.6,0,0.51,0.2,1.3,0,133,0,133,133,0,0,0,0,0,12,0
33,1,FIELD BEAN DRY,90.4,9.6,347,24.9,0.8,60.1,0,60,2.7,0,0,0.52,0.16,1.8,0,0,0,0,0,0,0,0,0,0,0,0
34,1,GREEN GRAM WHOLE,89.6,10.4,334,24,1.3,56.7,17,124,4.4,3,0,0.47,0.27,2.1,0,0,0,0,0,0,0,0,0,0,94,0
35,1,GREEN GRAM DHAL,89.9,10.1,348,24.5,1.2,59.9,8,75,3.9,2.8,0,0.47,0.21,2.4,0,140,0,140,140,0,0,0,0,0,49,0
36,1,HORSE GRAM WHOLE,88.2,11.8,321,22,0.5,59.9,0,287,6.7,2.8,1,0.42,0.2,1.5,0,0,0,0,0,0,0,0,0,0,71,0
37,1,KHESARI DHAL,90,10,345,28.2,0.6,56.6,0,90,6.3,0,0,0.39,0.17,2.9,0,0,0,0,0,0,0,0,0,0,120,0
38,1,LENTIL,87.6,12.4,343,25.1,0.7,59,10,69,7.5,3.1,0,0.45,0.2,2.6,0,36,0,36,36,0,0,0,0,0,270,0
39,1,MOTH BEANS,89.2,10.8,330,23.6,1.1,56.5,0,202,9.5,0,2,0.45,0.09,1.5,0,0,0,0,0,0,0,0,0,0,9,0
40,1,PEAS GREEN,27.1,72.9,93,7.2,0.1,15.9,7,20,1.5,0,9,0.25,0.01,0.8,0,0,0,0,0,0,0,0,0,0,83,0
41,1,PEAS DRY,84,16,315,19.7,1.1,56.5,0,75,7.6,2.3,0,0.47,0.19,3.4,0,8,0,8,8,0,0,0,0,0,39,0
42,5,PEAS ROASTED,89.9,10.1,340,22.9,1.4,58.8,0,81,6.4,0,0,0.47,0.21,3.5,0,0,0,0,0,0,0,0,0,0,18,0
43,1,RAJMAH,88,12,346,22.9,1.3,60.8,0,260,5.1,4.5,0,0,0,0,0,0,0,0,0,0,0,0,0,0,0,0
44,1,REDGRAM DHAL,86.6,13.4,335,22.3,1.7,57.6,9,73,2.7,0.9,0,0.45,0.19,2.9,0.54,103,0,103,103,0,0,0,0,0,132,0
45,1,RED GRAM TENDER,34.9,65.1,116,9.8,1,16.9,23,57,1.1,0,25,0.32,0.33,3,0,0,0,0,0,0,0,0,0,0,469,0
46,1,SOYABEAN,91.9,8.1,432,43.2,19.5,20.9,23,240,10.4,3.4,0,0.73,0.39,3.2,0,100,0,100,100,0,0,0,0,0,426,0
47,1,AGATHI,26.9,73.1,93,8.4,1.4,11.8,8,1130,3.9,0,169,0.21,0.09,1.2,0,0,0,0,0,0,0,0,0,0,5400,0
48,1,AMARANTH CAUDATUS,10,90,26,3,0.7,2,0,200,0,0,0,0,0,0,0,0,0,0,0,0,0,0,0,0,0,0
49,1,AMARANTH GANGETICUS TENDER,14.3,85.7,45,4,0.5,6.1,4,397,3.5,0.2,99,0.03,0.3,1.2,0,149,0,149,149,0,0,0,0,0,5520,0
50,1,AMARANTH GANGETICUS STEM,7.5,92.5,19,0.9,0.1,3.5,0,260,1.8,0,10,0.01,0.18,0,0,0,0,0,0,0,0,0,0,0,255,0
51,1,AMARANTH PANICULATUS,21.4,78.6,67,5.9,1,8.6,0,530,18.4,0,81,0.01,0.24,1.1,0,0,0,0,0,0,0,0,0,0,14190,0
52,1,AMARANTH POLYGONOIDES,10,90,33,2.8,0.3,4.8,0,251,27.3,0,0,0,0,0,0,0,0,0,0,0,0,0,0,0,0,0
53,1,AMARANTH SPINOSUS,15,85,43,3,0.3,7,0,800,22.9,0,33,0,0,0,0,0,0,0,0,0,0,0,0,0,3564,0
54,1,AMARANTH SPECIES,19.4,80.6,57,4.5,0.6,8.5,0,321,18,0,0,0,0,0,0,0,0,0,0,0,0,0,0,0,0,0
55,1,AMARANTH SPECIES KOYAKEERAI,12,88,37,2.8,0.5,5.3,0,292,2.5,0,0,0,0,0,0,0,0,0,0,0,0,0,0,0,0,0
56,1,AMARANTH TRISTIS,13,87,44,2.8,0.4,7.4,0,364,38.5,0,0,0,0,0,0,0,0,0,0,0,0,0,0,0,0,0
57,1,AMARANTH VIRIDIS,18.2,81.8,38,5.2,0.3,3.8,0,330,18.7,0,179,0,0,0,0,0,0,0,0,0,0,0,0,0,0,0
58,1,AMBAT CHUKA,4.8,95.2,15,1.6,0.3,1.4,3,63,0.7,0.3,12,0.03,0.06,0.2,0,125,0,125,125,0,0,0,0,0,3660,0
59,1,BATHUA LEAVES,10.4,89.6,30,3.7,0.4,2.9,0,150,4.2,0,35,0.01,0.14,0.6,0,0,0,0,0,0,0,0,0,0,1740,0
60,1,BEET GREENS,13.6,86.4,46,3.4,0.8,6.5,0,380,16.2,0,70,0.26,0.56,3.3,0,0,0,0,0,0,0,0,0,0,5862,0
61,1,BENGAL GRAM LEAVES,26.6,73.4,97,7,1.4,14.1,0,340,23.8,0,0,0,0,0,0,0,0,0,0,0,0,0,0,0,0,0
62,1,BETEL LEAVES,14.6,85.4,44,3.1,0.8,6.1,0,230,10.6,3.4,5,0.07,0.03,0.7,0,0,0,0,0,0,0,0,0,0,5760,0
63,1,BOTTLE GOURD LEAVES,12.1,87.9,39,2.3,0.7,6.1,0,80,0,0,0,0,0,0,0,0,0,0,0,0,0,0,0,0,0,0
64,1,BROAD BEAN LEAVES,22.4,77.6,71,5.6,0.3,11.5,0,111,0,0,0,0,0,0,0,0,0,0,0,0,0,0,0,0,0,0
65,1,BRUSSELS SPROUTS,14.5,85.5,52,4.7,0.5,7.1,0,43,1.8,0,72,0.05,0.16,0.4,0,0,0,0,0,0,0,0,0,0,126,0
66,1,CABBAGE,8.1,91.9,27,1.8,0.1,4.6,3,39,0.8,0.3,124,0.06,0.09,0.4,0,23,0,23,23,0,0,0,0,0,120,0
67,1,CABBAGE LEAVES,23.4,76.6,77,5.1,0.5,13.1,0,340,8.8,0,79,0.04,0.37,2.1,0,0,0,0,0,0,0,0,0,0,5700,0
68,1,CAULIFLOWER GREENS,20,80,66,5.9,1.3,7.6,0,626,40,0,0,0,0,0,0,0,0,0,0,0,0,0,0,0,0,0
69,1,CELERY LEAVES,12,88,37,6.3,0.6,1.6,0,230,6.3,0,62,0,0.11,1.2,0,0,0,0,0,0,0,0,0,0,3990,0
70,1,CELERY STALK,6.5,93.5,18,0.8,0.1,3.5,0,30,4.8,0,6,0.12,0.05,0.3,0,0,0,0,0,0,0,0,0,0,520,0
71,1,CHEKKUR MANIS,26.4,73.6,103,6.8,3.2,11.6,0,570,28,0,247,0.48,0.32,2.6,0,0,0,0,0,0,0,0,0,0,5706,0
72,1,COLOCASIA LEAVES BLACK VARIETY,21.2,78.8,77,6.8,2,8.1,0,460,0.9,0,63,0.06,0.45,1.9,0,0,0,0,0,0,0,0,0,0,12000,0
73,1,COLOCASIA LEAVES GREEN VARIETY,17.3,82.7,56,3.9,1.5,6.8,7,227,10,0,12,0.22,0.26,1.1,0,0,0,0,0,0,0,0,0,0,10278,0
74,1,COLOCASIA LEAVES DRIED,90.7,9.3,277,13.7,5.9,42.3,0,1546,0,0,0,0,0,0,0,0,0,0,0,0,0,0,0,0,0,0
75,1,CORIANDER LEAVES,13.7,86.3,44,3.3,0.6,6.3,4,184,1.4,0.3,135,0.05,0.06,0.8,0,0,0,0,0,0,0,0,0,0,6918,0
76,1,COW PEA LEAVES,11,89,38,3.4,0.7,4.1,0,290,20.1,0,4,0.05,0.18,0.6,0,0,0,0,0,0,0,0,0,0,6702,0
77,1,CURRY LEAVES,36.2,63.8,108,6.1,1,18.7,16,830,0.9,0.2,4,0.08,0.21,2.3,0,94,0,94,94,0,0,0,0,0,7560,0
78,1,DRUMSTIK LEAVES,24.1,75.9,92,6.7,1.7,12.5,9,440,0.8,0.2,220,0.06,0.05,0.8,0,0,0,0,0,0,0,0,0,0,6780,0
79,1,FENUGREEK LEAVES,13.9,86.1,49,4.4,0.9,6,5,395,1.9,0.3,52,0.04,0.31,0.8,0,0,0,0,0,0,0,0,0,0,2340,0
80,1,FETID CASSIA FRESH,15.1,84.9,49,5,0.8,5.5,0,520,12.4,0,82,0.08,0.19,0.8,0,0,0,0,0,0,0,0,0,0,10152,0
81,1,FETID CASSIA DRIED,90.3,9.7,292,20.7,3.9,43.5,0,3200,0,0,0,0,0,0,0,0,0,0,0,0,0,0,0,0,0,0
82,1,GARDEN CRESS,17.7,82.3,67,5.8,1,8.7,0,360,28.6,0,0,0.15,0,0,0,0,0,0,0,0,0,0,0,0,0,0
83,1,GARDEN SORREL SEPEALS,8.1,91.9,25,0.6,0.2,5.1,0,130,1.7,0,0,0,0,0,0,0,0,0,0,0,0,0,0,0,0,0
84,1,GOGU,13.6,86.4,56,1.7,1.1,9.9,4,172,2.2,0.2,20,0.07,0.39,1.1,0,0,0,0,0,0,0,0,0,0,2898,0
85,1,IPOMOEA STEMS,6.3,93.7,19,0.9,0.2,3.4,0,80,0.8,0,0,0,0,0,0,0,0,0,0,0,0,0,0,0,0,0
86,1,IPOMOEA LEAVES,9.7,90.3,28,2.9,0.4,3.1,0,110,3.9,0,37,0.05,0.13,0.6,0,0,0,0,0,0,0,0,0,0,1980,0
87,1,KNOL-KHOL GREENS,13.3,86.7,43,3.5,0.4,6.4,0,740,13.3,0,157,0.25,0,3,0,0,0,0,0,0,0,0,0,0,4146,0
88,1,KUPPAMENI,19.5,80.5,64,6.7,1.4,6,0,667,17.3,0,147,0,0,0,0,0,0,0,0,0,0,0,0,0,0,0
89,1,LETTUCE,6.6,93.4,21,2.1,0.3,2.5,0,50,2.4,0,10,0.09,0.13,0.5,0,0,0,0,0,0,0,0,0,0,990,0
90,1,LETTUCE TREE LEAVES MATURE,18.3,81.7,65,5.1,0.4,10.2,0,320,2.6,0,0,0,0,0,0,0,0,0,0,0,0,0,0,0,0,0
91,1,LETTUCE TREE LEAVES TENDER,9.8,90.2,29,3.6,0.2,3.2,0,170,3.6,0,0,0,0,0,0,0,0,0,0,0,0,0,0,0,0,0
92,1,MANATHAKKALI LEAVES,17.9,82.1,68,5.9,1,8.9,0,410,20.5,0,11,0,0.59,0.9,0,0,0,0,0,0,0,0,0,0,0,0
93,1,MAYALU,9.2,90.8,32,2.8,0.4,4.2,3,200,10,0,87,0.03,0.16,0.5,0,0,0,0,0,0,0,0,0,0,7440,0
94,1,MINT,15.1,84.9,48,4.8,0.6,5.8,6,200,15.6,0.4,27,0.05,0.26,1,0,114,0,114,114,0,0,0,0,0,1620,0
95,1,MODAKANTHAN KEERAI,16.7,83.3,61,4.7,0.6,9.1,0,0,0,0,0,0,0,0,0,0,0,0,0,0,0,0,0,0,0,0
96,1,MUKARRATE KEERAI,15.5,84.5,61,6.1,0.9,7.2,0,667,18.4,0,27,0,0,0,0,0,0,0,0,0,0,0,0,0,0,0
97,1,MUSTARD LEAVES,10.2,89.8,34,4,0.6,3.2,0,155,16.3,0,33,0.03,0,0,0,0,0,0,0,0,0,0,0,0,2622,0
98,1,NERRINGI,20.9,79.1,68,7.2,0.5,8.6,0,1550,9.2,0,41,0,0,0,0,0,0,0,0,0,0,0,0,0,0,0
99,1,PARSLEY,25.4,74.6,87,5.9,1,13.5,0,390,17.9,0,281,0.04,0.18,0.5,0,0,0,0,0,0,0,0,0,0,1920,0
100,1,PARUPPU KEERAI,9.5,90.5,27,2.4,0.6,2.9,4,111,14.8,0,29,0.1,0.22,0.7,0,0,0,0,0,0,0,0,0,0,2292,0
101,1,PONNANGANNI,22.6,77.4,73,5,0.7,11.6,8,510,1.6,0,17,0,0.14,1.2,0,0,0,0,0,0,0,0,0,0,1926,0
102,1,PUMPKIN LEAVES,18.1,81.9,57,4.6,0.8,7.9,0,392,0,0,0,0,0,0,0,0,0,0,0,0,0,0,0,0,0,0
103,1,RADISH LEAVES,9.2,90.8,28,3.8,0.4,2.4,0,265,0.1,0.1,81,0.18,0.47,0.8,0,0,0,0,0,0,0,0,0,0,5295,0
104,1,RADISH LEAVES TABLE,10.9,89.1,38,3.9,0.6,4.2,0,310,18,0,106,0.18,0.35,5.5,0,0,0,0,0,0,0,0,0,0,5742,0
105,1,RAPE STEM,8.6,91.4,29,3.1,0.1,4,0,100,1.2,0,0,0,0,0,0,0,0,0,0,0,0,0,0,0,0,0
106,1,RAPE LEAVES,15.1,84.9,48,5.1,0.4,48,0,370,12.5,0,65,0.01,0.03,0.9,0,0,0,0,0,0,0,0,0,0,1380,0
107,1,RAPE LEAVES DRIED,92.6,7.4,297,27,2.9,40.7,0,3095,0,0,0,0,0,0,0,0,0,0,0,0,0,0,0,0,0,0
108,1,SAFFLOWER LEAVES,8.9,91.1,33,2.5,0.9,4.5,0,185,5.7,0,15,0.04,0.1,0,0,0,0,0,0,0,0,0,0,0,3540,0
109,1,SHEPU,12,88,37,3,0.5,5.2,0,190,17.4,0,0,0.03,0.13,0.2,0,0,0,0,0,0,0,0,0,0,7182,0
110,1,SPINACH,7.9,92.1,26,2,0.7,2.9,3,73,1.1,0.3,28,0.03,0.26,0.5,0,123,0,123,123,0,0,0,0,0,5580,0
111,1,SPINACH STALKS,6.6,93.4,20,0.9,0.1,3.8,0,90,1.6,0,0,0,0,0,0,0,0,0,0,0,0,0,0,0,0,0
112,1,SUSNI SAG,13.1,86.9,46,3.7,1.4,4.6,0,53,0,0,0,0,0,0,0,0,0,0,0,0,0,0,0,0,0,0
113,1,TAMARIND LEAVES TENDER,29.5,70.5,115,5.8,2.1,18.2,11,101,0.3,0.2,3,0.24,0.17,4.1,0,0,0,0,0,0,0,0,0,0,250,0
114,1,TURNIP GREENS,18.1,81.9,67,4,1.5,9.4,0,710,28.4,0,180,0.31,0.57,5.4,0,0,0,0,0,0,0,0,0,0,9396,0
115,1,ARROW ROOT FLOUR,83.5,16.5,334,0.2,0.1,83.1,0,10,1,0,0,0,0,0,0,0,0,0,0,0,0,0,0,0,0,0
116,1,BANANA RHIZOME,14.9,85.1,51,0.4,0.2,11.8,0,25,1.1,0,1,0,0.03,0.2,0,0,0,0,0,0,0,0,0,0,16,0
117,1,BEET ROOT,12.3,87.7,43,1.7,0.1,8.8,4,18,1.2,0.9,10,0.04,0.09,0.4,0,0,0,0,0,0,0,0,0,0,0,0
118,1,CARROT,14,86,48,0.9,0.2,10.6,4,80,1,0.4,3,0.04,0.02,0.6,0,15,0,15,15,0,0,0,0,0,1890,0
119,1,COLOCASIA,26.9,73.1,97,3,0.1,21.1,0,40,0.4,0.3,0,0.09,0.03,0.4,0,54,0,54,54,0,0,0,0,0,24,0
120,1,KHAMALU,20.4,79.6,79,1.3,0.1,18.1,0,16,0.5,0,0,0,0,0,0,0,0,0,0,0,0,0,0,0,0,0
121,1,MANGO GINGER,15,85,53,1.1,0.7,10.5,0,25,2.6,0,1,0.01,0.03,0,0,0,0,0,0,0,0,0,0,0,20,0
122,1,ONION BIG,13.4,86.6,50,1.2,0.1,11.1,2,47,0.6,0.4,11,0.08,0.01,0.4,0,6,0,6,6,0,0,0,0,0,0,0
123,1,ONION SMALL,15.7,84.3,59,1.8,0.1,12.6,0,40,1.2,0,2,0.08,0.02,0.5,0,0,0,0,0,0,0,0,0,0,15,0
124,1,PARSNIP,27.6,72.4,101,1.3,0.3,23.2,0,50,0.5,0,16,0.06,0,0.4,0,0,0,0,0,0,0,0,0,0,0,0
125,1,POTATO,25.3,74.7,97,1.6,0.1,22.6,2,10,0.4,0.5,17,0.1,0.01,1.2,0,7,0,7,7,0,0,0,0,0,24,0
126,1,RADISH PINK,9.2,90.8,32,0.6,0.3,6.8,0,50,0.3,0.6,17,0.06,0.02,0.4,0,0,0,0,0,0,0,0,0,0,3,0
127,1,RADISH RAT TAILED,7.7,92.3,25,1.3,0.3,4.3,0,78,0,0,0,0,0,0,0,0,0,0,0,0,0,0,0,0,0,0
128,1,RADISH TABLE,5.1,94.9,16,0.5,0.1,3.2,2,20,1,0,21,0.02,0.03,1.4,0,0,0,0,0,0,0,0,0,0,4,0
129,1,RADISH WHITE,5.6,94.4,17,0.7,0.1,3.4,0,35,0.4,0,15,0.06,0.02,0.5,0,0,0,0,0,0,0,0,0,0,3,0
130,1,SWEET POTATO,31.5,68.5,120,1.2,0.3,28.2,4,46,0.2,0.1,24,0.08,0.04,0.7,0,0,0,0,0,0,0,0,0,0,0,0
131,1,TAPIOCA,40.6,59.4,157,0.7,0.2,38.1,0,50,0.9,0,25,0.05,0.1,0.3,0,0,0,0,0,0,0,0,0,0,0,0
132,1,TAPIOCA CHIPS DRIED,88,12,338,1.3,0.3,82.6,0,91,3.6,0,0,0.23,0.1,1.4,0,0,0,0,0,0,0,0,0,0,0,0
133,1,TURNIP,8.4,91.6,29,0.5,0.2,6.2,0,30,0.4,0,43,0.04,0.04,0.5,0,0,0,0,0,0,0,0,0,0,0,0
134,1,YAM ELEPHANT,21.3,78.7,79,1.2,0.1,18.4,0,50,0.6,0,0,0.06,0.07,0.7,0,0,0,0,0,0,0,0,0,0,260,0
135,1,YAM ORDINARY,30.1,69.9,111,1.4,0.1,26,4,35,1.1,0.4,0,0.07,0,0.7,0,17,0,17,17,0,0,0,0,0,78,0
136,1,YAM WILD,29.6,70.4,110,2.5,0.3,24.4,0,20,1,0,1,0.19,0.47,0.12,0,0,0,0,0,0,0,0,0,0,565,0
137,1,ASH GOURD,3.5,96.5,10,0.4,0.2,1.9,0,30,0.8,0,1,0.06,0.01,0.4,0,0,0,0,0,0,0,0,0,0,0,0
138,1,BEANS SCARLET RUNNER,41.7,58.3,158,7.4,1,29.8,0,50,2.6,0,27,0.34,0.19,0,0,0,0,0,0,0,0,0,0,0,34,0
139,1,BITTER GOURD,7.6,92.4,25,1.6,0.2,4.2,4,20,0.6,0.4,88,0.07,0.09,0.5,0,0,0,0,0,0,0,0,0,0,126,0
140,1,BITTER GOURD SMALL,16.8,83.2,60,2.1,1,10.6,0,23,2,0.3,96,0.07,0.06,0.06,0,0,0,0,0,0,0,0,0,0,126,0
141,1,BOTTLE GOURD SMALL,3.9,96.1,12,0.2,0.1,2.5,2,20,0.4,0.2,0,0.03,0.01,0.2,0,0,0,0,0,0,0,0,0,0,0,0
142,1,BRINJAL,7.3,92.7,24,1.4,0.3,4,6,18,0.3,0.2,12,0.04,0.11,0.9,0,34,0,34,34,0,0,0,0,0,74,0
143,1,BROAD BEANS,14.6,85.4,48,4.5,0.1,7.2,9,50,1.4,0,12,0.08,0,0.8,0,0,0,0,0,0,0,0,0,0,9,0
144,1,CAULIFLOWER,9.2,90.8,30,2.6,0.4,4,4,33,1.2,0.4,56,0.04,0.1,1,0,0,0,0,0,0,0,0,0,0,30,0
145,1,CHO CHO MARROW,7.5,92.5,27,0.7,0.1,5.7,1,140,0.6,0,4,0,0.04,0.4,0,0,0,0,0,0,0,0,0,0,0,0
146,1,CLUSTER BEANS,19,81,16,3.2,0.4,10.8,6,130,1,0.3,49,0.09,0.03,0.6,0,144,0,144,144,0,0,0,0,0,198,0
147,1,COLOCASIA STEM,6,94,18,0.3,0.3,3.6,3,60,0.5,0,3,0.07,0.07,0.1,0,0,0,0,0,0,0,0,0,0,104,0
148,1,COWPEA PODS,14.7,85.3,48,3.5,0.2,8.1,0,72,2.5,0,14,0.07,0.09,0.9,0,0,0,0,0,0,0,0,0,0,564,0
149,1,CUCUMBER,3.7,96.3,13,0.4,0.1,2.5,3,10,0.6,0.2,7,0.03,0,0.2,0,15,0,15,15,0,0,0,0,0,0,0
150,1,DOUBLE BEANS,26.2,73.8,85,8.3,0.3,12.3,0,40,2.3,0,22,0,0,0,0,0,0,0,0,0,0,0,0,0,0,0
151,1,DRUMSTICK,13.1,86.9,26,2.5,0.1,3.7,6,30,0.1,0.1,120,0.05,0.07,0.2,0,0,0,0,0,0,0,0,0,0,110,0
152,1,DRUMSTICK FLOWERS,14.1,85.9,50,3.6,0.8,7.1,0,51,0,0,0,0,0,0,0,0,0,0,0,0,0,0,0,0,0,0
153,1,FIELD BEANS TENDER,13.9,86.1,48,3.8,0.7,6.7,0,210,0.8,0.4,9,0.1,0.06,0.7,0,0,0,0,0,0,0,0,0,0,187,0
154,1,FIGS RED FICUS CUNIA,20.6,79.4,53,1.2,0.6,10.8,0,187,0,0,0,0,0,0,0,0,0,0,0,0,0,0,0,0,0,0
155,1,FRENCH BEANS,8.6,91.4,26,2,0.1,4.5,0,50,0.6,0.4,24,0.08,0.06,0.3,0,45,0,45,45,0,0,0,0,0,132,0
156,1,GHOSALA,6.8,93.2,18,1.2,0.2,2.9,0,36,1.1,0,0,0.02,0.06,0.4,0,0,0,0,0,0,0,0,0,0,120,0
157,1,GIANT CHILLIES CAPSICUM,7.6,92.4,24,1.3,0.3,4.3,2,10,0.5,0.1,137,0.55,0.05,0.1,0,0,0,0,0,0,0,0,0,0,427,0
158,1,JACK FRUIT TENDER,16,84,51,2.6,0.3,9.4,0,30,1.7,0,14,0.05,0.04,0.2,0,0,0,0,0,0,0,0,0,0,0,0
159,1,JACK FRUIT SEED,35.5,64.5,133,6.6,0.4,25.8,0,50,1.5,0,0,0,0,0,0,0,0,0,0,0,0,0,0,0,0,0
160,1,KANKODA,15.9,84.1,52,3.1,1,7.7,0,33,4.6,0,0,0.05,0.18,0.6,0,0,0,0,0,0,0,0,0,0,1620,0
161,1,KARONDA FRESH,9,91,42,1.1,2.9,2.9,0,21,0,0,0,0,0,0,0,0,0,0,0,0,0,0,0,0,0,0
162,1,KARONDA DRIED,81.8,18.2,364,2.3,9.6,67.1,0,160,39.1,0,0,0,0,0,0,0,0,0,0,0,0,0,0,0,0,0
163,1,KHEKSA,9.6,90.4,29,0.6,0.1,6.4,0,27,0,0,0,0,0,0,0,0,0,0,0,0,0,0,0,0,0,0
164,1,KOVAI,6.5,93.5,18,1.2,0.1,3.1,3,40,0.3,8,15,0.07,0.08,0.7,0,59,0,59,59,0,0,0,0,0,156,0
165,1,KNOL-KHOL,7.3,92.7,21,1.1,0.2,3.8,0,20,1.5,0.2,85,0.05,0.09,0.5,0,0,0,0,0,0,0,0,0,0,21,0
166,1,LADIES FINGER,10.4,89.6,35,1.9,0.2,6.4,4,66,0.3,0.4,13,0.07,0.1,0.6,0,105,0,105,105,0,0,0,0,0,52,0
167,1,LAKUCH RAW,10.6,89.4,73,1.6,1.2,13.9,0,67,0,0,0,0,0,0,0,0,0,0,0,0,0,0,0,0,0,0
168,1,LEEKS,21.1,78.9,77,1.8,0.1,17.2,0,50,2.3,0,11,0.23,0,0,0,0,0,0,0,0,0,0,0,0,18,0
169,1,LOTUS STEM DRY,90.5,9.5,234,4.1,1.3,51.4,0,405,60.6,0,3,0.82,1.21,1.9,0,0,0,0,0,0,0,0,0,0,0,0
170,1,MANGO GREEN,12.5,87.5,44,0.7,0.1,10.1,3,10,0.3,0,3,0.04,0.01,0.2,0,0,0,0,0,0,0,0,0,0,90,0
171,1,ONION STALKS,12.4,87.6,41,0.9,0.2,8.9,5,50,7.4,2.2,17,0,0.03,0.3,0,0,0,0,0,0,0,0,0,0,595,0
172,1,PAPAYA GREEN,8,92,27,0.7,0.2,5.7,0,28,0.9,0,12,0.01,0.01,0.1,0,0,0,0,0,0,0,0,0,0,0,0
173,1,PARWAR,8,92,20,2,0.3,2.2,0,30,1.7,0,29,0.05,0.06,0.5,0,0,0,0,0,0,0,0,0,0,153,0
174,1,PINK BEANS,13.2,86.8,44,3.1,0.4,7,0,54,1.5,0,12,0.06,0.02,0.6,0,0,0,0,0,0,0,0,0,0,453,0
175,1,PLANTAIN FLOWER,10.1,89.9,34,1.7,0.7,5.1,0,32,1.6,0,0,0.05,0.02,0.4,0,0,0,0,0,0,0,0,0,0,27,0
176,1,PLANTAIN GREEN,16.8,83.2,64,1.4,0.2,14,4,10,6.2,0,24,0.05,0.02,0.3,0,16,0,16,16,0,0,0,0,0,30,0
177,1,PLANTAIN STEM,11.7,88.3,42,0.5,0.1,9.7,0,10,1.1,0,7,0.02,0.01,0.2,0,0,0,0,0,0,0,0,0,0,0,0
178,1,PUMPKIN FRUIT,7.4,92.6,25,1.4,0.1,4.6,0,10,0.4,0.2,2,0.06,0.04,0.5,0,13,0,13,13,0,0,0,0,0,50,0
179,1,PUMPKIN FLOWERS,10.9,89.1,39,2.2,0.8,5.8,0,120,0,0,0,0,0,0,0,0,0,0,0,0,0,0,0,0,0,0
180,1,RIDGE GOURD,4.8,95.2,17,0.5,0.1,3.4,2,18,0.3,0.3,5,0,0.01,0.2,0,0,0,0,0,0,0,0,0,0,33,0
181,1,SNAKE GOURD,5.4,94.6,18,0.5,0.3,3.3,2,26,1.5,0.3,0,0.04,0.06,0.3,0,15,0,15,15,0,0,0,0,0,96,0
182,1,SUNDAKAI DRY,87.7,12.3,269,8.3,1.7,55,0,390,22.2,0,0,0,0,0,0,0,0,0,0,0,0,0,0,0,450,0
183,1,SWORD BEANS,12.8,87.2,44,2.7,0.2,7.8,0,60,2,0,12,0.08,0.08,0.5,0,0,0,0,0,0,0,0,0,0,24,0
184,1,TINDA TENDER,6.5,93.5,21,1.4,0.2,3.4,0,25,0.9,0,18,0.04,0.08,0.3,0,0,0,0,0,0,0,0,0,0,13,0
185,1,TOMATO GREEN,6.9,93.1,23,1.9,0.1,3.6,0,23,1.8,0,31,0.07,0.01,0.4,0,0,0,0,0,0,0,0,0,0,192,0
186,1,VEGETABLE MARROW,5.2,94.8,17,0.5,0.1,3.5,0,10,0.6,0,18,0.02,0,0.4,0,0,0,0,0,0,0,0,0,0,0,0
187,1,WATER CHESTNUT FRESH,30,70,115,4.7,0.3,23.3,0,20,1.3,1.5,9,0.05,0.07,0.6,0,0,0,0,0,0,0,0,0,0,188,0
188,1,WATER CHESNUT DRY,86.2,13.8,330,13.4,0.8,68.9,0,70,2.4,0,0,0,0,0,0,0,0,0,0,0,0,0,0,0,0,0
189,1,ALMOND,94.8,5.2,655,20.8,58.9,10.5,0,230,5,3.5,0,0.24,0.57,4.4,0,0,0,0,0,0,0,0,0,0,0,0
190,1,ARECANUT RAW,68.7,31.3,249,4.9,4.4,47.2,0,50,1.5,0.8,0,0,0,0,0,0,0,0,0,0,0,0,0,0,3,0
191,1,AVOCADOPEAR NUT,36.3,63.7,144,2.5,0.7,32,0,20,1.2,0,0,0,0,0,0,0,0,0,0,0,0,0,0,0,0,0
192,1,CASHEWNUT,94.1,5.9,596,21.2,46.9,22.3,0,50,5.8,5.9,0,0.63,0.19,1.2,0,0,0,0,0,0,0,0,0,0,60,0
193,1,CHILGOZA,96,4,615,13.9,49.3,29,0,91,3.6,0,0,0.32,0.3,3.6,0,0,0,0,0,0,0,0,0,0,0,0
194,1,COCONUT DRY,95.7,4.3,662,6.8,62.3,18.4,0,400,7.8,5,7,0.08,0.01,3,0,16,0,16,16,0,0,0,0,0,0,0
195,1,COCONUT FRESH,63.7,36.3,444,4.5,41.6,13,14,10,1.7,0,1,0.05,0.1,0.8,0,13,0,13,13,0,0,0,0,0,0,0
196,1,COCONUT TENDER,9.2,90.8,41,0.9,1.4,6.3,0,10,0.9,0,0,0,0,0,0,0,0,0,0,0,0,0,0,0,0,0
197,1,COCONUT MILK,57.2,42.8,430,3,41,11.9,0,15,1.6,0,3,0.08,0.04,0.6,0,0,0,0,0,0,0,0,0,0,0,0
198,1,COCONUT WATER,6.2,93.8,24,1.4,0.1,4.4,0,24,0.1,0,2,0.01,0,0.1,0,0,0,0,0,0,0,0,0,0,0,0
199,1,COCONUT MEAL DEOILED,91.3,8.7,312,23.8,2.8,47.9,0,112,69.4,0,5,0.13,0.57,6,0,0,0,0,0,0,0,0,0,0,0,0
200,1,GARDEN CRESS SEADS,96.8,3.2,454,25.3,24.5,33,0,377,100,0,0,0.59,0.61,14.3,0,0,0,0,0,0,0,0,0,0,27,0
201,1,GINGELLY SEEDS,94.7,5.3,563,18.3,43.3,25,17,1450,9.3,12.2,0,1.01,0.34,4.4,0,134,0,134,134,0,0,0,0,0,60,0
202,1,GROUNDNUT,97,3,567,25.3,40.1,26.1,11,90,2.5,3.9,0,0.9,0.13,19.9,0,20,0,20,20,0,0,0,0,0,37,0
203,1,GROUNDNUT ROASTED,98.3,1.7,570,26.2,39.8,26.7,0,77,3.1,0,0,0.39,0.13,22.1,0,0,0,0,0,0,0,0,0,0,0,0
204,1,GROUNDNUT CAKE,92.8,7.2,386,40.9,7.4,38.8,0,213,0,0,0,0,0,0,0,0,0,0,0,0,0,0,0,0,0,0
205,1,LINSEED SEEDS,93.5,6.5,530,20.3,37.1,28.9,0,170,2.7,0,0,0.23,0.07,1,0,0,0,0,0,0,0,0,0,0,30,0
206,1,MUSTARD SEEDS,91.5,8.5,541,20,39.7,23.8,14,490,7.9,4.8,0,0.65,0.26,4,0,0,0,0,0,0,0,0,0,0,162,0
207,1,NIGER SEEDS,95.8,4.2,515,23.9,39,17.1,0,300,56.7,0,0,0.07,0.97,8.4,0,0,0,0,0,0,0,0,0,0,0,0
208,1,PISTACHIO NUT,94.4,5.6,626,19.8,53.5,16.2,0,140,7.7,0,0,0.67,0.28,2.3,0,0,0,0,0,0,0,0,0,0,144,0
209,1,PIYAL SEEDS,97,3,656,19,59.1,12.1,0,279,8.5,3,5,0.69,0.53,1.5,0,0,0,0,0,0,0,0,0,0,0,0
210,1,SAFFLOWER SEEDS,94.5,5.5,356,13.5,25.6,17.9,0,236,4.6,5.2,0,0,0,0,0,0,0,0,0,0,0,0,0,0,0,0
211,1,SUNFLOWER SEEDS,94.5,5.5,620,19.8,52.1,17.9,0,280,5,0,1,0.86,0.4,1,0,0,0,0,0,0,0,0,0,0,6,0
212,1,WALNUT,95.5,4.5,687,15.6,64.5,11,0,100,2.6,2.3,0,0.45,0.4,1,0,0,0,0,0,0,0,0,0,0,6,0
213,1,WATER MELON SEEDS KERNAL,95.7,4.3,628,34.1,52.6,4.5,0,100,7.4,0,0,0,0,0,0,0,0,0,0,0,0,0,0,0,0,0
214,1,ARISITHIPPILI,87.5,12.5,329,13.2,4.7,58.4,0,460,13.5,0,0,0,0,0,0,0,0,0,0,0,0,0,0,0,0,0
215,1,ASAFOTIDA,84,16,297,4,1.1,67.8,0,690,39.4,0.8,0,0,0.04,0.3,0,0,0,0,0,0,0,0,0,0,4,0
216,1,CARDAMOM,80,20,229,10.2,2.2,42.1,23,130,4.6,2.8,0,0.22,0.17,0.8,0,0,0,0,0,0,0,0,0,0,0,0
217,1,CHILLIES DRY,90,10,246,15.9,6.2,31.6,0,160,2.3,0,50,0.93,0.43,9.5,0,0,0,0,0,0,0,0,0,0,345,0
218,1,CHILLIES GREEN,14.3,85.7,29,2.9,0.6,3,0,30,4.4,1.7,111,0.19,0.39,0.9,0,29,0,29,29,0,0,0,0,0,175,0
219,1,CLOVES DRY,74.8,25.2,286,5.2,8.9,46,35,740,11.7,1.4,0,0.08,0.13,0,0,0,0,0,0,0,0,0,0,0,253,0
220,1,CLOVES GREEN,34.5,65.5,159,2.3,5.9,24.1,0,310,2.1,0,0,0,0,0,0,0,0,0,0,0,0,0,0,0,72,0
221,1,CORINDER SEEDS,88.8,11.2,288,14.1,16.1,21.6,47,630,7.1,3.2,0,0.22,0.35,1.1,0,32,0,32,32,0,0,0,0,0,942,0
222,1,CUMIN SEEDS,88.1,11.9,356,18.7,15,36.6,30,1080,11.7,2.6,3,0.55,0.36,2.6,0,0,0,0,0,0,0,0,0,0,520,0
223,1,FENUGREEK SEEDS,86.3,13.7,333,26.2,5.8,44.1,49,160,6.5,3,0,0.34,0.29,1.1,0,84,0,84,84,0,0,0,0,0,96,0
224,1,GARLIC DRY,38,62,145,6.3,0.1,29.8,51,30,1.2,1.9,13,0.06,0.23,0.4,0,0,0,0,0,0,0,0,0,0,0,0
225,1,GINGER FRESH,19.1,80.9,67,2.3,0.9,12.3,6,20,3.5,1.9,6,0.06,0.03,0.6,0,0,0,0,0,0,0,0,0,0,40,0
226,1,LIME PEEL,33.5,66.5,129,1.8,0.5,9.4,0,710,2.7,0,0,0,0,0,0,0,0,0,0,0,0,0,0,0,0,0
227,1,MACE,84.1,15.9,437,6.5,24.4,47.8,0,180,12.3,1.2,0,0.25,0.42,1.4,0,0,0,0,0,0,0,0,0,0,3027,0
228,1,MANGO POWDER,93.2,6.8,337,2.8,7.8,64,0,180,45.2,0,0,0,0,0,0,0,0,0,0,0,0,0,0,0,0,0
229,1,NUTMEG FRUIT,85.7,14.3,472,7.5,36.4,28.5,0,120,2,1.2,0,0.33,0.01,1.4,0,0,0,0,0,0,0,0,0,0,0,0
230,1,NUTMEG RIND,13.2,86.8,52,1,0.4,11.2,0,40,2,0,0,0,0,0,0,0,0,0,0,0,0,0,0,0,0,0
231,1,OMUM,92.6,7.4,363,17.1,21.8,24.6,47,1525,12.5,4.5,0,0.21,0.28,2.1,0,0,0,0,0,0,0,0,0,0,71,0
232,1,PEEPER DRY BLACK,81.8,18.2,300,11.5,6.8,49.2,35,460,12.4,1.3,0,0.09,0.14,1.4,0,0,0,0,0,0,0,0,0,0,1080,0
233,1,PEPPER GREEN,29.4,70.6,98,4.8,2.7,13.7,0,270,2.4,0,1,0.05,0.04,0.2,0,0,0,0,0,0,0,0,0,0,540,0
234,1,PIPPALI,87.8,12.2,310,6.4,2.3,65.8,0,1230,62.1,0,0,0,0,0,0,0,0,0,0,0,0,0,0,0,0,0
235,1,POPPY SEEDS,95.7,4.3,408,21.7,19.3,36.8,34,1584,15.9,4.3,0,0,0,0,0,0,0,0,0,0,0,0,0,0,0,0
236,1,TAMARIND PULP,79.1,20.9,283,3.1,0.1,67.4,0,170,17,0,3,0,0.07,0.7,0,0,0,0,0,0,0,0,0,0,60,0
237,1,TURMERIC,86.9,13.1,349,6.3,5.1,69.4,20,150,67.8,2.7,0,0.03,0,2.3,0,18,0,18,18,0,0,0,0,0,30,0
238,1,AMBADA,9.7,90.3,48,0.7,3,4.5,0,36,3.9,0,21,0.02,0.02,0.3,0,0,0,0,0,0,0,0,0,0,270,0
239,1,AMLA,18.2,81.8,58,0.5,0.1,13.7,7,50,1.2,0,600,0.03,0.01,0.2,0,0,0,0,0,0,0,0,0,0,9,0
240,1,APPLE,15.4,84.6,59,0.2,0.7,13.4,3,10,0.6,0,1,0,0,0,0,0,0,0,0,0,0,0,0,0,0,0
241,1,APRICOT FRESH,14.7,85.3,53,1,0.3,11.6,0,20,2.2,0,6,0.04,0.13,0.6,0,0,0,0,0,0,0,0,0,0,2160,0
242,1,APRICOT DRY,80.6,19.4,306,1.6,0.7,73.4,0,110,4.6,0,2,0.22,0,2.3,0,0,0,0,0,0,0,0,0,0,58,0
243,1,AVOCADO PEAR,26.4,73.6,215,1.7,22.8,0.8,0,10,0.7,0,0,0,0,0,0,0,0,0,0,0,0,0,0,0,0,0
244,1,BAEL FRUIT,38.5,61.5,137,1.8,0.3,27.2,0,85,0.6,0,8,0.13,0.03,1.1,0,0,0,0,0,0,0,0,0,0,55,0
245,1,BANANA RIPE,70.1,29.9,116,1.2,0.3,27.2,2,17,0.3,0.1,7,0.05,0.08,0.5,0,0,0,0,0,0,0,0,0,0,78,0
246,1,BANYAN TREE FIGS,25.9,74.1,72,1.7,2,11.8,0,364,0,0,0,0,0,0,0,0,0,0,0,0,0,0,0,0,0,0
247,1,BILIMBI,5.6,94.4,19,0.5,0.3,1,0,15,1.2,0,32,0.09,0.04,0.6,0,0,0,0,0,0,0,0,0,0,18,0
248,1,BREAD FRUIT,20.5,79.5,71,1.5,0.2,15.8,0,40,0.5,0,21,0.04,0.07,0,0,0,0,0,0,0,0,0,0,0,9,0
249,1,BULLOCKS HEART,23.2,76.8,70,1.4,0.2,15.7,0,10,0.6,0,5,0,0.07,0.6,0,0,0,0,0,0,0,0,0,0,67,0
250,1,CAPE GOOSEBERRY,17.1,82.9,53,1.8,0.2,11.1,0,10,2,0,49,0.05,0.02,0.3,0,0,0,0,0,0,0,0,0,0,1428,0
251,1,CASHEW FRUIT,13.7,86.3,51,0.2,0.1,12.3,0,10,0.2,0,180,0.02,0.05,0.4,0,0,0,0,0,0,0,0,0,0,23,0
252,1,CHERRIES RED,16.6,83.4,64,1.1,0.5,13.8,2,24,0.5,0.3,7,0.08,0.08,0.3,0,0,0,0,0,0,0,0,0,0,0,0
253,1,CURRANTS BLACK,81.6,18.4,316,2.7,0.5,75.2,0,130,8.5,0,1,0.03,0.14,0.4,0,0,0,0,0,0,0,0,0,0,21,0
254,1,DATES DRIED,15.3,84.7,317,2.5,0.4,75.8,8,120,7.3,0,3,0.01,0.02,0.9,0,0,0,0,0,0,0,0,0,0,26,0
255,1,DATES FRESH,40.8,59.2,144,1.2,0.4,33.8,8,22,0.9,0,0,0,0,0,0,0,0,0,0,0,0,0,0,0,0,0
256,1,FIGS FICUS CARCIA,11.9,88.1,37,1.3,0.2,7.6,5,80,1,0,5,0.06,0.05,0.6,0,0,0,0,0,0,0,0,0,0,162,0
257,1,GRAPES BLUE VARIETY,17.8,82.2,58,0.6,0.4,13.1,0,20,0.5,0,1,0.04,0.03,0.2,0,0,0,0,0,0,0,0,0,0,3,0
258,1,GRAPES PALE GREEN VARIETY,20.8,79.2,71,0.5,0.3,16.5,1,20,0.5,0.1,1,0,0,0,0,0,0,0,0,0,0,0,0,0,0,0
259,1,GRAPE FRUIT MARSHS SEEDLESS,11.5,88.5,45,1,0.5,10,0,30,0.2,0,0,0.12,0.02,0.3,0,0,0,0,0,0,0,0,0,0,0,0
260,1,GRAPE FRUIT TRIUMPH,8,92,32,0.7,0.1,7,0,20,0.2,0,31,0.12,0.02,0.3,0,0,0,0,0,0,0,0,0,0,0,0
261,1,GUAVA COUNTRY,18.3,81.7,51,0.9,0.3,11.2,9,10,0.2,0.1,212,0.03,0.03,0.4,0,0,0,0,0,0,0,0,0,0,0,0
262,1,GUAVA HILL,14.7,85.3,38,0.1,0.2,9,0,50,1.2,0,15,0.02,0.02,0.3,0,0,0,0,0,0,0,0,0,0,0,0
263,1,HARFAROWRIE,8.8,91.2,32,0.7,0.6,5.9,0,6,0,0,0,0,0,0,0,0,0,0,0,0,0,0,0,0,0,0
264,1,JACK FRUIT RIPE,23.8,76.2,88,1.9,0.1,19.8,4,20,0.5,0,7,0.03,0.13,0.4,0,0,0,0,0,0,0,0,0,0,175,0
265,1,JAMB SAFED,6.5,93.5,19,0.1,0.4,3.7,0,17,0.1,0,30,0.01,0.02,0.2,0,0,0,0,0,0,0,0,0,0,0,0
266,1,JAMBU FRUIT,16.3,83.7,62,0.7,0.3,14,4,15,0.4,0.1,18,0.03,0.01,0.2,0,0,0,0,0,0,0,0,0,0,48,0
267,1,KORUKKAPALLI,20.8,79.2,78,2.7,0.4,16,0,14,1,0,108,0.22,0.06,1.6,0,0,0,0,0,0,0,0,0,0,0,0
268,1,LAKUCH,17.9,82.1,66,0.7,1.1,13.3,0,50,0.5,0,135,0.02,0.15,0.3,0,0,0,0,0,0,0,0,0,0,254,0
269,1,LEMON,15,85,57,1,0.9,11.1,0,70,0.2,0,39,0.02,0.01,0.1,0,0,0,0,0,0,0,0,0,0,0,0
270,1,LEMON SWEET,9.5,90.5,35,0.7,0.3,7.3,0,30,0.7,0,45,0,0.04,0,0,0,0,0,0,0,0,0,0,0,0,0
271,1,LICHI,15.9,84.1,61,1.1,0.2,13.6,0,10,0.7,0,31,0.02,0.06,0.4,0,0,0,0,0,0,0,0,0,0,0,0
272,1,LICHIES BASTARD,16.1,83.9,61,1.4,0.3,13.1,0,15,0,0,0,0,0,0,0,0,0,0,0,0,0,0,0,0,0,0
273,1,LIME,15.4,84.6,59,1.5,1,10.9,0,90,0.3,0,63,0.02,0.03,0.1,0,0,0,0,0,0,0,0,0,0,15,0
274,1,LIME SWEET MALTA,9.7,90.3,36,0.7,0.2,7.8,3,30,1,0,54,0,0,0,0,0,0,0,0,0,0,0,0,0,0,0
275,1,LIME SWEET MOSAMBI,11.6,88.4,43,0.8,0.3,9.3,0,40,0.7,0,50,0,0,0,0,0,0,0,0,0,0,0,0,0,0,0
276,1,LOQUAT,11.8,88.2,43,0.6,0.3,9.6,0,30,1.3,0,0,0,0,0,0,0,0,0,0,0,0,0,0,0,559,0
277,1,MAHUA RIPE,26.4,73.6,111,1.4,1.6,22.7,0,45,0.2,0,40,0,0,0,0,0,0,0,0,0,0,0,0,0,307,0
278,1,MANGO RIPE,19,81,74,0.6,0.4,16.9,2,14,1.3,0.2,16,0.08,0.09,0.9,0,0,0,0,0,0,0,0,0,0,2743,0
279,1,MANGOSTEEN,15.1,84.9,60,0.5,0.1,14.3,0,10,0.2,0,0,0,0,0,0,0,0,0,0,0,0,0,0,0,0,0
280,1,MELON MUSK,4.8,95.2,17,0.3,0.2,3.5,1,32,1.4,0,26,0.11,0.08,0.3,0,0,0,0,0,0,0,0,0,0,162,0
281,1,MELON WATER,4.2,95.8,16,0.2,0.2,3.3,1,11,7.9,0,1,0.02,0.04,0.1,0,0,0,0,0,0,0,0,0,0,0,0
282,1,MULBERRY,13.5,86.5,49,1.1,0.4,10.3,0,70,2.3,0,12,0.04,0.13,0.5,0,0,0,0,0,0,0,0,0,0,57,0
283,1,ORANGE,12.4,87.6,48,0.7,0.2,10.9,1,26,0.3,0,30,0,0,0,0,0,0,0,0,0,0,0,0,0,1104,0
284,1,ORANGE JUICE,2.3,97.7,9,0.2,0.1,1.9,0,5,0.7,0,64,0.06,0.02,0.4,0,0,0,0,0,0,0,0,0,0,15,0
285,1,PALMYRA FRUIT RIPE MESOCARP,22.8,77.2,87,0.7,0.2,20.7,0,9,0,0,0,0,0,0,0,0,0,0,0,0,0,0,0,0,0,0
286,1,PALMYRA FRUIT TENDER,7.7,92.3,29,0.6,0.1,6.5,0,10,0.5,0,4,0.01,0.01,0.2,0,0,0,0,0,0,0,0,0,0,0,0
287,1,PAPAYA RIPE,9.2,90.8,32,0.6,0.1,7.2,0,17,0.5,0,57,0.04,0.25,0.2,0,0,0,0,0,0,0,0,0,0,666,0
288,1,PASSION FRUIT,23.7,76.3,54,0.9,0.1,12.4,0,10,2,0,25,0.07,0.14,1.6,0,0,0,0,0,0,0,0,0,0,54,0
289,1,PASSION FRUIT JUICE,11,89,37,1.2,0.2,7.7,0,10,0.7,0,13,0.01,0.02,0,0,0,0,0,0,0,0,0,0,0,1968,0
290,1,PEACHES,14,86,50,1.2,0.3,10.5,2,15,2.4,0,6,0.02,0.03,0.5,0,0,0,0,0,0,0,0,0,0,0,0
291,1,PEARS,14,86,52,0.6,0.2,11.9,4,8,0.5,0,0,0.06,0.03,0.2,0,0,0,0,0,0,0,0,0,0,28,0
292,1,PERSIMMON,20,80,76,0.7,0.2,17.9,0,15,0.3,0,33,0.03,0.01,0,0,0,0,0,0,0,0,0,0,0,2268,0
293,1,PHALSA,19.2,80.8,72,1.3,0.9,14.7,0,129,3.1,0,22,0,0,0.3,0,0,0,0,0,0,0,0,0,0,419,0
294,1,PINE APPLE,12.2,87.8,46,0.4,0.1,10.8,3,20,2.4,0.1,39,0.2,0.12,0.1,0,0,0,0,0,0,0,0,0,0,18,0
295,1,PLUMS,13.1,86.9,52,0.7,0.5,11.1,3,10,0.6,0,5,0.04,0.1,0.3,0,0,0,0,0,0,0,0,0,0,166,0
296,1,POMEGRANATE,22,78,65,1.6,0.1,14.5,3,10,1.7,0.8,16,0.06,0.1,0.3,0,0,0,0,0,0,0,0,0,0,0,0
297,1,PRUNES,14.7,85.3,56,0.5,0.3,12.8,0,10,0,0,0,0,0,0,0,0,0,0,0,0,0,0,0,0,0,0
298,1,PUMMELO,12,88,44,0.6,0.1,10.2,0,30,0.3,0,20,0.03,0.03,0.2,0,0,0,0,0,0,0,0,0,0,120,0
300,1,RAISINS,79.8,20.2,308,1.8,0.3,74.6,0,87,7.7,0,1,0.07,0.19,0.7,0,0,0,0,0,0,0,0,0,0,2,0
301,1,RASPBERRY,15.2,84.8,56,1,0.6,11.7,0,40,2.3,0,30,0,0,0.8,0,0,0,0,0,0,0,0,0,0,1248,0
302,1,ROSEAPPLE,10.9,89.1,39,0.7,0.2,8.5,0,10,0.5,0,3,0.01,0.05,0.4,0,0,0,0,0,0,0,0,0,0,141,0
303,1,SAPOTA,26.3,73.7,98,0.7,1.1,21.4,11,28,1.2,0.1,6,0.02,0.03,0.2,0,0,0,0,0,0,0,0,0,0,97,0
304,1,SEETAPHAL,29.5,70.5,104,1.6,0.4,23.5,6,17,4.3,0.8,37,0.07,0.17,1.3,0,0,0,0,0,0,0,0,0,0,0,0
305,1,STRAWBERRY,12.2,87.8,44,0.7,0.2,9.8,2,30,1.8,0,58,0.03,0.02,0.2,0,0,0,0,0,0,0,0,0,0,18,0
306,1,TOMATO RIPE,6,94,20,0.9,0.2,3.6,0,48,0.6,0.4,27,0.12,0.06,0.4,0,30,0,30,30,0,0,0,0,0,351,0
307,1,TOMATILLO,8.3,91.7,31,0.7,0.6,5.8,0,7,1.4,0,2,0.05,0.02,2.1,0,0,0,0,0,0,0,0,0,0,48,0
308,1,TREE TOMATO,13.8,86.2,35,1.5,0.2,6.7,0,12,1,0,0,0.11,0.06,2.1,0,0,0,0,0,0,0,0,0,0,324,0
309,1,WOOD APPLE,35.8,64.2,134,7.1,3.7,18.1,0,130,0.4,0.4,3,0.04,0.17,0.8,0,0,0,0,0,0,0,0,0,0,61,0
310,1,ZIZYPHUS,18.4,81.6,74,0.8,0.3,17,0,4,0.5,0.1,76,0.02,0.05,0.7,0,0,0,0,0,0,0,0,0,0,21,0
311,1,AIR,21.9,78.1,89,15.9,1.3,3.5,0,380,0.7,0,11,0,0,0.5,0,0,0,0,0,0,0,0,0,0,0,0
312,1,ANCHOVY,30.7,69.3,164,19.3,9.6,0.2,0,143,1.5,0,0,0,0,0,0,0,0,0,0,0,0,0,0,0,0,0
313,1,BACHA,31.2,68.8,147,18.1,5.6,6.1,0,520,0.7,0,13,0,0,0.6,0,0,0,0,0,0,0,0,0,0,0,0
314,1,BAM,25.2,74.8,100,16.1,0.9,6.9,0,330,0.8,0,3,0,0,0.9,0,0,0,0,0,0,0,0,0,0,0,0
315,1,BASPATA MACHLI,23.9,76.1,112,18.2,4.4,0,0,175,0,0,0,0,0,0,0,0,0,0,0,0,0,0,0,0,0,0
316,1,BATA SMALL VARIETIES,21,79,89,14.3,2.5,2.2,0,790,1.1,0,0,0,0,0,0,0,0,0,0,0,0,0,0,0,0,0
317,1,BELEY,20.3,79.7,75,14.5,0.6,2.9,0,370,1,0,3,0,0,0.3,0,0,0,0,0,0,0,0,0,0,0,0
318,1,BHAGON FRESH,29.4,70.6,154,14.8,8.8,3.8,0,182,1.2,0,12,0,0,1.8,0,0,0,0,0,0,0,0,0,0,0,0
319,1,BHAGON DRIED,82.1,17.9,274,61.5,2.3,1.8,0,6235,9.3,0,0,0,0,0,0,0,0,0,0,0,0,0,0,0,0,0
320,1,BHAGAN BATA,32.7,67.3,144,19.4,4.4,6.7,0,580,1.1,0,0,0,0,0.6,0,0,0,0,0,0,0,0,0,0,0,0
321,1,BHEKTI FRESH,20.1,79.9,79,14.9,0.8,3,0,480,3.1,0,10,0,0,0.7,0,0,0,0,0,0,0,0,0,0,0,0
322,1,BHEKTI DRIED,79.9,20.1,266,60.2,2,1.8,0,939,15,0,0,0,0,0,0,0,0,0,0,0,0,0,0,0,0,0
323,1,BHOLA,21.9,78.1,86,15.2,1.1,3.7,0,550,0.4,0,14,0,0,0.5,0,0,0,0,0,0,0,0,0,0,0,0
324,1,BIG JAWED JUMPER,26.7,73.3,130,19.4,5.8,0.1,0,214,3.4,0,0,0,0,0,0,0,0,0,0,0,0,0,0,0,0,0
325,1,BOAL,26.7,73.3,116,15.4,2.7,7.6,0,160,0.6,0,8,0,0,1,0,0,0,0,0,0,0,0,0,0,0,0
326,1,BOMBAY DUCK DRIED,83.3,16.7,293,61.7,4,2.5,0,1389,19.1,0,0,0,0,0,0,0,0,0,0,0,0,0,0,0,0,0
327,1,BLUE MUSSEL,18.5,81.5,72,9.9,2,3.6,0,1134,8,0,0,0,0,0,0,0,0,0,0,0,0,0,0,0,0,0
328,1,CAT FISH,22.9,77.1,86,21.4,0,0,0,10,0,0,0,0,0,2.5,0,0,0,0,0,0,0,0,0,0,0,0
329,1,CHELA,22.5,77.5,103,14.6,4.3,1.5,0,590,2,0,0,0,0,0,0,0,0,0,0,0,0,0,0,0,0,0
330,1,CHELA DRIED,95.3,4.7,413,64.8,17,0.1,0,3590,0,0,0,0,0,0,0,0,0,0,0,0,0,0,0,0,0,0
331,1,CHINGRI SMALL DRIED,82.1,17.9,292,62.4,3.9,1.9,0,3539,27.9,0,0,0,0,0,0,0,0,0,0,0,0,0,0,0,0,0
332,1,CHINGRI GODA DRIED,85.1,14.9,287,60,3.2,4.6,0,3847,49.6,0,0,0,0,0,0,0,0,0,0,0,0,0,0,0,0,0
333,1,CHITAL,25,75,108,18.6,2.3,3.1,0,180,3,0,0,0,0,0,0,0,0,0,0,0,0,0,0,0,0,0
334,1,CRAB MUSCLE,16.5,83.5,59,8.9,1.1,3.3,0,1370,21.2,0,0,0,0,3.1,0,0,0,0,0,0,0,0,0,0,780,0
335,1,CRAB SMALL,34.7,65.3,169,11.2,9.8,9.1,0,1606,0,0,0,0,0,0,0,0,0,0,0,0,0,0,0,0,0,0
336,1,FOLUI,27,73,109,19,1,3.7,0,590,1.7,0,6,0,0,0.8,0,0,0,0,0,0,0,0,0,0,0,0
337,1,GHOL,30.3,69.7,82,18.4,0.9,0,0,90,2.1,0,0,0,0,0,0,0,0,0,0,0,0,0,0,0,0,0
338,1,GOGGLER,23.1,76.9,93,18.7,1.6,1,0,437,8.2,0,0,0,0,0,0,0,0,0,0,0,0,0,0,0,0,0
339,1,HERRING INDIAN,27.2,72.8,119,20.3,3.2,2.2,0,429,9.3,0,0,0,0,0,0,0,0,0,0,0,0,0,0,0,0,0
340,1,HERRING OX-EYED,26.3,73.7,106,20.7,2.2,0.8,0,429,6.3,0,0,0,0,0,0,0,0,0,0,0,0,0,0,0,0,0
341,1,HILSA,46.3,53.7,273,21.8,19.4,2.9,0,180,2.1,0,24,0,0,2.8,0,0,0,0,0,0,0,0,0,0,0,0
342,1,HORSE MACKEREL,23.1,76.9,99,21.2,1.6,0,0,357,2,0,0,0,0,2.9,0,0,0,0,0,0,0,0,0,0,0,0
343,1,INDIAN WHITING,22.9,77.1,89,19.2,0.6,1.6,0,79,2.2,0,0,0,0,0,0,0,0,0,0,0,0,0,0,0,0,0
344,1,JEW FISH KORA,21.7,78.3,83,18.8,0.8,0.2,0,286,4.4,0,0,0,0,0,0,0,0,0,0,0,0,0,0,0,0,0
345,1,JEW FISH PALLIKORA,23,77,100,20,2.2,0,0,214,4.8,0,0,0,0,0,0,0,0,0,0,0,0,0,0,0,0,0
346,1,KALABASU,19,81,76,14.7,1,2,0,320,0.8,0,11,0,0,0.6,0,0,0,0,0,0,0,0,0,0,0,0
347,1,KATLA,26.3,73.7,111,19.5,2.4,2.9,0,530,0.9,0,0,0,0,0.8,0,0,0,0,0,0,0,0,0,0,0,0
348,1,KHORSULA,24.7,75.3,117,16.3,5.1,1.5,0,410,0.6,0,0,0,0,0,0,0,0,0,0,0,0,0,0,0,0,0
349,1,KHOYRA FRESH,28,72,120,18,3,5.2,0,590,0.7,0,0,0,0,0.5,0,0,0,0,0,0,0,0,0,0,0,0
350,1,KHOYRA DRIED,82.7,17.3,296,58.9,6.2,1.2,0,0,0,0,0,0,0,0,0,0,0,0,0,0,0,0,0,0,0,0
351,1,KOI,30,70,156,14.8,8.8,4.4,0,410,1.4,0,32,0,0,0.8,0,0,0,0,0,0,0,0,0,0,0,0
352,1,KOOCHA MACHLI,23.3,76.7,92,18.7,0.8,2.4,0,185,0,0,0,0,0,0,0,0,0,0,0,0,0,0,0,0,0,0
353,1,LATA,26,74,97,19.4,0.6,3.4,0,610,1.3,0,0,0,0,1,0,0,0,0,0,0,0,0,0,0,0,0
354,1,LOBSTER,22.7,77.3,90,20.5,0.9,0,0,16,0,0,0,0,0,0,0,0,0,0,0,0,0,0,0,0,0,0
355,1,MACKEREL,22.7,77.3,93,18.9,1.7,0.5,0,429,4.5,0,0,0,0,0,0,0,0,0,0,0,0,0,0,0,0,0
356,1,MAGUR,21.5,78.5,86,15,1,4.2,0,210,0.7,0,0,0,0,0,0,0,0,0,0,0,0,0,0,0,0,0
357,1,MAHASOLE,29.7,70.3,126,25.2,2.3,1,0,130,3.8,0,0,0,0,0,0,0,0,0,0,0,0,0,0,0,0,0
358,1,MANDELI DRIED,68.9,31.1,259,52.5,5.4,0,0,143,11.9,0,0,0,0,0,0,0,0,0,0,0,0,0,0,0,0,0
359,1,MRIGAL,25,75,98,19.5,0.8,3.2,0,350,1.1,0,16.7,0,0,0.7,0,0,0,0,0,1.4,0,0,0,0,0,0
360,1,MULLET,30.1,69.9,155,19.1,7.8,2.1,0,357,4.4,0,0,0,0,2.6,0,0,0,0,0,0,0,0,0,0,0,0
361,1,MUSHI DRIED,90.4,9.6,312,67,4.9,0,0,541,2.7,0,0,0,0,0,0,0,0,0,0,0,0,0,0,0,0,0
362,1,MUSSEL FRESH WATER,20.5,79.5,81,14.5,1.6,2.1,0,592,0,0,0,0,0,0,0,0,0,0,0,0,0,0,0,0,0,0
363,1,MUTIJELLA DRIED,80.8,19.2,288,63.6,2.4,3,0,7240,1,0,0,0,0,0,0,0,0,0,0,0,0,0,0,0,0,0
364,1,OIL SARDINE,23.5,76.5,97,19.6,2,0.1,0,357,6.1,0,0,0,0,0,0,0,0,0,0,0,0,0,0,0,0,0
365,1,PABDA,27,73,114,19.2,2.1,4.6,0,310,1.3,0,0,0,0,0,0,0,0,0,0,0,0,0,0,0,0,0
366,1,PANGAS,27.7,72.3,161,14.2,10.8,1.7,0,180,0.5,0,7,0,0,0.6,0,0,0,0,0,0,0,0,0,0,0,0
367,1,PARSEY FRESH,29.2,70.8,140,17.5,5.9,4.3,0,850,2.7,0,6,0,0,0.8,0,0,0,0,0,0,0,0,0,0,0,0
368,1,PARSEY DRIED,88.2,11.8,312,65,4.4,3,0,2231,17.4,0,0,0,0,0,0,0,0,0,0,0,0,0,0,0,0,0
369,1,POMFRETS BLACK,25.5,74.5,111,20.3,2.6,1.5,0,286,2.3,0,0,0,0,0,0,0,0,0,0,0,0,0,0,0,0,0
370,1,POMFRETS WHITE,21.6,78.4,87,17,1.3,1.8,0,200,0.9,0,0,0,0.15,2.6,0,0,0,0,0,0,0,0,0,0,0,0
371,1,PRAWN,22.6,77.4,89,19.1,1,0.8,0,323,5.3,0,0,0.01,0.01,4.8,0,0,0,0,0,0,0,0,0,0,0,0
372,1,PUTI,25,75,106,18.1,2.4,3.1,0,110,1,0,15,0,0,0.3,0,0,0,0,0,0,0,0,0,0,0,0
373,1,RAVAS,28.6,71.4,112,22.2,1.1,3.3,0,405,2,0,0,0,0,0,0,0,0,0,0,0,0,0,0,0,0,0
374,1,RAY,24.7,75.3,97,20.9,0.5,2.1,0,214,5.3,0,0,0,0,0,0,0,0,0,0,0,0,0,0,0,0,0
375,1,RIBBON FISH FRESH,23.4,76.6,104,18.1,3.2,0.6,0,214,13.9,0,22,0,0,2.1,0,0,0,0,0,0,0,0,0,0,0,0
376,1,RIBBON FISH DRIED,93.3,6.7,383,76.1,8.7,0,0,739,4.2,0,0,0,0,0,0,0,0,0,0,0,0,0,0,0,0,0
377,1,ROHU,23.3,76.7,97,16.6,1.4,4.4,0,650,1,0,22,0.05,0.07,0.7,0,0,0,0,0,0,0,0,0,0,0,0
378,1,SARDINE,21.9,78.1,101,21,1.9,0,0,90,2.5,0,0,0,0,2.6,0,0,0,0,0,0,0,0,0,0,0,0
379,1,SARPUTI,29.8,70.2,161,16.5,9.5,2.3,0,220,0.5,0,14,0,0,0,0,0,0,0,0,0,0,0,0,0,0,0
380,1,SHARK,24,76,93,21.6,0.4,0.8,0,357,1.4,0,0,0,0,2.5,0,0,0,0,0,0,0,0,0,0,0,0
381,1,SHRIMP SMALL-DRIED,94,6,349,68.1,8.5,0,0,4384,0,0,0,0,0,0,0,19,0,19,19,9,0,0,0,0,0,0
382,1,SEER,27.3,72.7,126,22.5,4,0,0,71,5.4,0,0,0,0,1.2,0,0,0,0,0,0,0,0,0,0,0,0
383,1,SIVER BELLY,23.6,76.4,91,19.2,1.6,0,0,715,2.2,0,0,0,0,0,0,0,0,0,0,0,0,0,0,0,0,0
384,1,SINGHALA,39,61,167,20.9,3.1,13.9,0,98,1.8,0,0,0,0,0,0,0,0,0,0,0,0,0,0,0,0,0
385,1,SINGHI,32,68,124,22.8,0.6,6.9,0,670,2.3,0,9,0,0,0.8,0,0,0,0,0,0,0,0,0,0,0,0
386,1,SOLE,22,78,94,16.2,2.3,2.2,0,140,0.5,0,9,0,0,0.5,0,0,0,0,0,0,0,0,0,0,0,0
387,1,SOLE MALAHAR,22,78,120,19.5,4.7,0,0,1072,0.5,0,0,0,0,0,0,0,0,0,0,0,0,0,0,0,0,0
388,1,SURMAI FRESH,37,63,92,19.9,1.4,0,0,92,2,0,0,0,0,0,0,0,0,0,0,0,0,0,0,0,0,0
389,1,SURMAI DRIED,56.7,43.3,210,38.6,6.2,0,0,148,4.4,0,0,0,0,0,0,0,0,0,0,0,0,0,0,0,0,0
390,1,TAPRA DRIED,87.4,12.6,334,62.3,9,1,0,771,19.3,0,0,0,0,0,0,0,0,0,0,0,0,0,0,0,0,0
391,1,TAPSI DRIED,83.8,16.2,343,58.5,12.1,0,0,1597,41.2,0,0,0,0,0,0,0,0,0,0,0,0,0,0,0,0,0
392,1,TARTOOR,21.7,78.3,79,18.2,0.2,1.2,0,1072,4.9,0,0,0,0,0,0,0,0,0,0,0,0,0,0,0,0,0
393,1,TENGRA FRESH,30,70,144,19.2,6.4,2.3,0,270,2,0,18,0,0,0,0,0,0,0,0,0,0,0,0,0,0,0
394,1,TENGRA DRIED,86.2,13.8,255,54.9,3.9,0,0,843,0,0,0,0,0,0,0,0,0,0,0,0,0,0,0,0,0,0
395,1,TUNNY,28.1,71.9,113,23.8,1.6,0.9,0,429,6.8,0,0,0,0,0,0,0,0,0,0,0,0,0,0,0,0,0
396,1,WHITE BAIT,20.9,79.1,81,14.5,1.4,2.5,0,643,3.8,0,0,0,0,2.3,0,0,0,0,0,0,0,0,0,0,0,0
397,1,BEEF MEAL,91.8,8.2,410,79.2,10.3,0.2,0,68,18.8,0,0,0.03,0.44,5.8,0,0,0,0,0,0,0,0,0,0,0,0
398,1,BEEF MUSCLE,25.7,74.3,114,22.6,2.6,0,0,10,0.8,0,2,0.15,0.04,6.4,0,0,0,0,0,0,0,0,0,0,18,0
399,1,BUFFALO MEAT,21.3,78.7,86,19.4,0.9,0,0,3,0,0,0,0,0,0,0,8,0,8,8,1.7,0,0,0,0,0,0
400,1,DUCK,27.7,72.3,130,21.6,4.8,0.1,0,4,0,0,0,0,0,0,0,0,0,0,0,0,0,0,0,0,0,0
401,1,EGG DUCK,29,71,181,13.5,13.7,0.8,0,70,2.5,0,0,0.12,0.26,0.2,0,80,0,80,80,0,0,0,0,0,405,0
402,1,EGG HEN,26.3,73.7,173,13.3,13.3,0,0,60,2.1,0,0,0.1,0.4,0.1,0,78,0,78,78,1.8,0,0,0,0,420,0
403,1,EGG TURTLE,24,76,124,12.2,6.7,3.6,0,93,0,0,0,0,0,0,0,0,0,0,0,0,0,0,0,0,0,0
404,1,FINCH,31.2,68.8,133,26.6,3,0,0,90,0,0,0,0,0,0,0,0,0,0,0,0,0,0,0,0,0,0
405,1,FOWL,27.8,72.2,109,25.9,0.6,0,0,25,0,0,0,0,0.14,0,0,7,0,7,7,0,0,0,0,0,0,0
406,1,GOAT MEAT LEAN,25.8,74.2,118,21.4,3.6,0,0,12,0,0,0,0,0,0,0,5,0,5,5,2.8,0,0,0,0,0,0
407,1,GREY QUAIL,25,75,103,21.9,1.7,0,0,22,0,0,0,0,0,0,0,0,0,0,0,0,0,0,0,0,0,0
408,1,LIVER GOAT,23.7,76.3,107,20,3,0,0,17,0,0,0,0,0,0,0,176,0,176,176,90.4,0,0,0,0,0,0
409,1,LIVER SHEEP,29.6,70.4,150,19.3,7.5,1.3,0,10,6.3,0,20,0.36,1.7,17.6,0,188,0,188,188,91.9,0,0,0,0,6690,0
410,1,MUTTON MUSCLE,28.5,71.5,194,18.5,13.3,1.3,0,150,2.5,0,0,0.18,0.14,6.8,0,6,0,6,6,2.6,0,0,0,0,9,0
411,1,PIGEON,29.6,70.4,137,23.3,4.9,0,0,12,0,0,0,0,0,0,0,0,0,0,0,0,0,0,0,0,0,0
412,1,PORK MUSCLE,22.6,77.4,114,18.7,4.4,0,0,30,2.2,0,2,0.54,0.09,2.8,0,0,0,0,0,0,0,0,0,0,0,0
413,1,RUFF AND REEVE,29.7,70.3,124,25.9,2.3,0,0,3,0,0,0,0,0,0,0,0,0,0,0,0,0,0,0,0,0,0
414,1,SNAIL SMALL,21.1,78.9,74,12.6,1,3.7,0,1321,0,0,0,0,0,0,0,0,0,0,0,0,0,0,0,0,0,0
415,1,SNAIL BIG,25.9,74.1,97,10.5,0.6,12.4,0,870,0,0,0,0,0,0,0,0,0,0,0,0,0,0,0,0,0,0
416,1,TURTLES MEAT,20.6,79.4,86,16.5,1.5,1.5,0,7,0,0,0,0,0,0,0,0,0,0,0,0,0,0,0,0,0,0
417,1,VENISON,24.7,75.3,97,21,0.6,1.9,0,3,0,0,0,0,0,0,0,0,0,0,0,0,0,0,0,0,0,0
418,1,MILK ASS'S,10.1,89.9,48,2.1,1.5,6.5,0,80,0,0,10,0.06,0.03,0.1,0,0,0,0,0,0,0,0,0,0,0,0
419,1,MILK BUFFALO'S,19,81,117,4.3,6.5,5,0,210,0.2,0,1,0.04,0.1,0.1,0,7,0,7,7,0.14,0,0,0,0,48,0
420,1,MILK COWS,12.5,87.5,67,3.2,4.1,4.4,0,120,0.2,0,2,0.05,0.19,0.1,0,9,0,9,9,0.14,0,0,0,0,53,0
421,1,MILK GOAT'S,13.2,86.8,72,3.3,4.5,4.6,0,170,0.3,0,1,0.05,0.04,0.3,0,1,0,1,1,0.05,0,0,0,0,55,0
422,1,MILK HUMAN,12,88,65,1.1,3.4,7.4,0,28,0,0,3,0.02,0.02,0,0,0,0,0,0,0.02,0,0,0,0,41,0
423,1,CURDS COW'S MILK,10.9,89.1,60,3.1,4,3,0,149,0.2,0,1,0.05,0.16,0.1,0,13,0,13,13,0.13,0,0,0,0,31,0
424,1,BUTTER MILK,2.5,97.5,15,0.8,1.1,0.5,0,30,0.1,0,0,0,0,0,0,0,0,0,0,0,0,0,0,0,0,0
425,1,SKIMMED MILK LIQUID,7.9,92.1,29,2.5,0.1,4.6,0,120,0.2,0,1,0,0,0.1,0,0,0,0,0,0,0,0,0,0,0,0
426,1,CHANNA COW'S MILK,42.9,57.1,265,18.3,20.8,1.2,0,208,0,0,3,0.07,0.02,0,0,0,0,0,0,0,0,0,0,0,110,0
427,1,CHANNA BUFFALOS MILK,45.9,54.1,292,13.4,23,7.9,0,480,0,0,0,0,0,0,0,0,0,0,0,0,0,0,0,0,0,0
428,1,CHEESE,59.7,40.3,348,24.1,25.1,6.3,0,790,2.1,0,0,0,0,0,0,0,0,0,0,0,0,0,0,0,82,0
429,1,KHOA WHOLE BUFFALO MILK,69.4,30.6,421,14.6,31.2,20.5,0,650,5.8,0,0,0,0,0,0,0,0,0,0,0,0,0,0,0,0,0
430,1,KHOA SKIMMED BUFFALO MILK,53.9,46.1,206,22.3,1.6,25.7,0,990,2.7,0,0,0,0,0,0,0,0,0,0,0,0,0,0,0,0,0
431,1,KHOA WHOLE COWS MILK,74.8,25.2,413,20,25.9,24.9,0,956,0,0,6,0.23,0.41,0.4,0,0,0,0,0,0,0,0,0,0,149,0
432,1,SKIMMED MILK POWDER COWS MILK,95.9,4.1,357,38,0.1,51,0,1370,1.4,0,5,0.45,1.64,1,0,0,0,0,0,0,0,0,0,0,0,0
433,1,WHOLE MILK POWDER,96.5,3.5,496,25.8,26.7,38,0,950,0.6,0,4,0.31,1.36,0.8,0,0,0,0,0,0,0,0,0,0,420,0
434,1,BUTTER,81,19,729,0,81,0,0,0,0,0,0,0,0,0,0,0,0,0,0,0,0,0,0,0,960,0
435,1,GHEE COW,0,0,900,0,100,0,0,0,0,0,0,0,0,0,0,0,0,0,0,0,0,0,0,0,600,0
436,1,GHEE BUFFALO,0,0,900,0,100,0,0,0,0,0,0,0,0,0,0,0,0,0,0,0,0,0,0,0,270,0
437,1,HYDROGENATED OIL FORTIFIED,0,0,900,0,100,0,0,0,0,0,0,0,0,0,0,0,0,0,0,0,0,0,0,0,750,0
438,1,"COOKING OIL GROUNDNUT,GINGELLY,PALMOLEIN,MUSTARD,COCONUT",0,0,900,0,100,0,0,0,0,0,0,0,0,0,0,0,0,0,0,0,0,0,0,0,0,0
439,1,SUGARCANE,99.6,0.4,398,0.1,0,99.4,0,12,0.1,0,0,0,0,0,0,0,0,0,0,0,0,0,0,0,0,0
440,1,HONEY,79.4,20.6,319,0.2,0,79.5,0,5,0.6,0,0,0,0,0,0,0,0,0,0,0,0,0,0,0,0,0
441,1,JAGGERY CANE,96.1,3.9,383,0.4,0.1,95,0,80,2.6,0,0,0,0,0,0,0,0,0,0,0,0,0,0,0,0,0
442,1,JAGGERY COCONUT PALM,89.7,10.3,340,1,0.2,83.5,0,1638,0,0,0,0,0,0,0,0,0,0,0,0,0,0,0,0,0,0
443,1,JAGGERY DATE PALM,90.4,9.6,353,1.5,0.3,86.1,0,363,0,0,0,0,0,0,0,0,0,0,0,0,0,0,0,0,0,0
444,1,JAGGERY FAN PALM,91.4,8.6,359,1,0.1,98.5,0,225,0,0,0,0,0,0,0,0,0,0,0,0,0,0,0,0,0,0
445,1,JAGGERY SAGO PALM,90.8,9.2,349,2.3,0.1,84.7,0,1252,0,0,0,0,0,0,0,0,0,0,0,0,0,0,0,0,0,0
446,1,SAGO,87.8,12.2,351,0.2,0.2,87.1,0,10,1.3,0,0,0,0,0,0,0,0,0,0,0,0,0,0,0,0,0
447,1,PACHWAI ASSAM,11.8,88.2,51,3,1.8,5.8,0,12,4.5,0,0,0,0,0,0,0,0,0,0,0,0,0,0,0,0,0
448,1,TODDY FERMENTED,2.4,97.6,38,0.1,0.3,1.8,0,0,0,0,0,0,0,0,0,0,0,0,0,0,0,0,0,0,0,0
449,1,TODDY SWEET,15.3,84.7,59,0.1,0.3,14.3,0,150,0.3,0,0,0,0,0,0,0,0,0,0,0,0,0,0,0,0,0
450,1,NEERA,0,0,45,0.4,0,10.9,0,0,0.1,0,0,0,0,0,0,0,0,0,0,0,0,0,0,0,0,0
451,1,SUGARCANE JUICE,9.8,90.2,39,0.1,0.2,9.1,0,10,0.1,0,0,0,0,0,0,0,0,0,0,0,0,0,0,0,0,0
452,1,AMARANTH SEEDS,90,10,319,14.7,1.9,60.7,0,510,11,0,0,0,0,0,0,0,0,0,0,0,0,0,0,0,0,0
453,1,BUCK WHEAT(455),88.7,11.3,323,10.3,2.4,65.1,0,64,15.5,0,0,0.9,0.34,4.4,0,0,0,0,0,0,0,0,0,0,0,0
454,1,OATMEAL(460),89.3,10.7,374,13.6,7.6,62.8,0,50,3.8,0,0,0.98,0.16,1.1,0,34,0,34,34,0,0,0,0,0,0,0
455,1,RAJKEERA SEEDS(454),90.7,9.3,364,16.5,5.3,62.7,0,223,17.6,0,0,0,0,0,0,0,0,0,0,0,0,0,0,0,0,0
456,1,BAMB00 TENNDER SHOOTS(469),11.2,88.8,43,3.9,0.5,5.7,0,20,0.1,0,0,0.17,0.12,1.1,0,0,0,0,0,0,0,0,0,0,0,0
457,1,NEEM LEAVES MATURE(484),40.6,59.4,129,7.1,1,22.9,0,510,17.1,0,0,0,0,0,0,0,0,0,0,0,0,0,0,0,0,0
458,1,NEEM LEAVES TENDER(485),40.6,59.4,158,11.6,3,21.2,0,130,25.3,0,0,0,0,0,0,0,0,0,0,0,0,0,0,0,0,0
459,1,POTATO LEAVES(491),12,88,40,4.4,0.9,3.6,0,120,0,0,0,0,0,0,0,0,0,0,0,0,0,0,0,0,0,0
460,1,SARLI SAG (496),23.1,76.9,86,4,1.1,14.9,0,127,0,0,0,0,0,0,0,0,0,0,0,0,0,0,0,0,0,0
461,1,SWEET POTATO GREENS (502),19.3,80.7,63,4.2,0.8,9.7,0,360,10,0,27,0.07,0.24,1.7,0,0,0,0,0,0,0,0,0,0,750,0
462,1,WATER CRESS (507),10.8,89.2,33,2.9,0.2,4.9,0,290,4.6,0,13,0.12,0.38,0.8,0,0,0,0,0,0,0,0,0,0,2803,0
463,1,LOTUS ROOT (517),14.1,85.9,53,1.7,0.1,11.3,0,21,0.4,0,22,0.1,0,0,0,0,0,0,0,0,0,0,0,0,0,0
464,1,MOOR SANGA (518),54.6,45.4,211,2.1,0.3,50,0,25,0,0,0,0,0,0,0,0,0,0,0,0,0,0,0,0,0,0
465,1,AGATHI FLOWERS (525),7.1,92.9,26,1,0.5,4.4,0,9,0,0,0,0,0,0,0,0,0,0,0,0,0,0,0,0,0,0
466,1,BAGNAHA (527),33,67,105,6.1,3.8,11.5,0,64,0,0,0,0,0,0,0,0,0,0,0,0,0,0,0,0,0,0
467,1,CHALTHA (529),17.7,82.3,59,0.8,0.2,13.4,0,16,0,0,0,0,0,0,0,0,0,0,0,0,0,0,0,0,0,0
468,1,NISORHA FLOWERS (535),20.4,79.6,61,4.7,0.5,9.3,0,1740,0,0,0,0,0,0,0,0,0,0,0,0,0,0,0,0,0,0
469,1,SANNHEMP FLOWERS (538),21.1,78.9,66,4.8,0.6,10.4,0,200,0,0,0,0,0,0,0,0,0,0,0,0,0,0,0,0,0,0
470,1,JANGALI BADAM (545),64.4,35.6,0,11.4,35.5,0,0,33,1.7,0,5,0.06,0.08,1.1,0,0,0,0,0,0,0,0,0,0,0,0
471,1,TAMARIND SEEDS KERNEL ROASTED (550),90.1,9.9,387,16.1,7.3,64.1,0,121,0,0,0,0,0,0,0,0,0,0,0,0,0,0,0,0,0,0
472,1,PUMPKIN SEED (551),92,8,584,24.3,47.2,15.6,0,50,5.5,0,0,0,0,0,0,0,0,0,0,0,0,0,0,0,0,0
473,1,BOROOEE(559),25.9,74.1,81,2,0.3,17.6,0,68,0,0,0,0,0,0,0,0,0,0,0,0,0,0,0,0,0,0
474,1,CARAMBOLA (560),8.1,91.9,28,0.7,0.1,6.1,0,4,0,0,0,0,0,0,0,0,0,0,0,0,0,0,0,0,0,0
475,1,KUSUM FRUITS (567),13.8,86.2,53,1.5,0.8,9.9,0,15,0,0,0,0,0,0,0,0,0,0,0,0,0,0,0,0,0,0
476,1,NEEM FRUIT (572),18.1,81.9,75,1.3,1,15.1,0,25,0,0,0,0,0,0,0,0,0,0,0,0,0,0,0,0,0,0
477,1,NISORHA (573),17.5,82.5,65,1.8,1,12.2,0,40,0,0,0,0,0,0,0,0,0,0,0,0,0,0,0,0,0,0
478,1,YEAST DRIED BREWERS (591),86.4,13.6,320,39.5,0.6,39.1,0,440,0,0,0,0,0,0,0,0,0,0,0,0,0,0,0,0,0,0
479,1,YEAST DRIED FOOD (592),92.2,7.8,344,35.7,1.8,46.3,0,160,0,0,0,0,0,0,0,0,0,0,0,0,0,0,0,0,0,0
480,5,"* BAJRA,FLOUR,RAW *ROASTED*                                 ",87.6,12.4,361,11.6,5,67.5,11,42,8,3.1,0,0.264,0.225,2.07,0,32,0,32,32,0,0,0,0,0,119,0
481,2,* MILK COWS *BOILED*                                        ,12.5,87.5,67,3.2,4.1,4.4,0,120,0.2,0,1.7,0.045,0.19,0.1,0,8,0,8,8,0,0,0,0,0,53,0
482,2,* MILK BUFFALO'S *BOILED*                                   ,19,81,117,4.3,6.5,5,0,210,0.2,0,0.9,0.036,0.1,0.1,0,6,0,6,6,0,0,0,0,0,48,0
483,2,* MILK ASS'S *BOILED*                                       ,10.1,89.9,48,2.1,1.5,6.5,0,80,0,0,8.5,0.054,0.03,0.1,0,0,0,0,0,0,0,0,0,0,0,0
484,2,* MILK GOAT'S *BOILED*                                      ,13.2,86.8,72,3.3,4.5,4.6,0,170,0.3,0,0.9,0.045,0.04,0.3,0,1,0,1,1,0,0,0,0,0,55,0
485,2,* BUTTER MILK *BOILED*                                      ,2.5,97.5,15,0.8,1.1,0.5,0,30,0.1,0,0,0,0,0,0,0,0,0,0,0,0,0,0,0,0,0
486,1,"* SUGAR,GRANULATED,RAW *BOILED*                             ",100,0,387,0,0,100,0,1,0,0,0,0,0.019,0,0,0,0,0,0,0,0,0,0,0,0,0
487,5,* HYDROGENATED OIL FORTIFIED *BOILED*                       ,0,100,900,0,100,0,0,0,0,0,0,0,0,0,0,0,0,0,0,0,0,0,0,0,750,0
488,2,* COOKING OIL *BOILED*                                      ,0,100,900,0,100,0,0,0,0,0,0,0,0,0,0,0,0,0,0,0,0,0,0,0,0,0
489,2,* CHILLIES DRY *BOILED*                                     ,90,10,246,15.9,6.2,31.6,0,160,2.3,0,42.5,0.837,0.409,9.025,0,0,0,0,0,0,0,0,0,0,328,0
490,2,* CHILLIES GREEN *BOILED*                                   ,14.3,85.7,29,2.9,0.6,3,0,30,4.4,1.7,94.4,0.171,0.371,0.855,0,25,0,25,25,0,0,0,0,0,166,0
491,2,* CUMIN SEEDS *BOILED*                                      ,88.1,11.9,356,18.7,15,36.6,30,1080,11.7,2.6,2.4,0.468,0.342,2.47,0,0,0,0,0,0,0,0,0,0,494,0
492,2,* GARLIC *BOILED*                                           ,38,62,145,6.3,0.1,29.8,51,30,1.2,1.9,11.1,0.054,0.219,0.38,0,0,0,0,0,0,0,0,0,0,0,0
493,2,* GINGER *BOILED*                                           ,19.1,80.9,67,2.3,0.9,12.3,6,20,3.5,1.9,5.1,0.054,0.029,0.57,0,0,0,0,0,0,0,0,0,0,38,0
494,5,* WHEAT FLOUR WHOLE *ROASTED*                               ,87.8,12.2,341,12.1,1.7,69.4,0,48,4.9,2.2,0,0.392,0.153,3.87,0,25,0,25,25,0,0,0,0,0,26,0
495,5,* WHEAT FLOUR REFINED *ROASTED*                             ,86.7,13.3,348,11,0.9,73.9,0,23,2.7,0.6,0,0.096,0.063,2.16,0,0,0,0,0,0,0,0,0,0,23,0
496,2,* RICE PARBOILED HANDPOUNDED *BOILED*                       ,87.4,12.6,349,8.5,0.6,77.4,0,10,2.5,1.3,0,0.203,0.108,3.8,0,0,0,0,0,0,0,0,0,0,9,0
497,2,* RICE PARBOILED MILLED *BOILED*                            ,86.7,13.3,340,6.4,0.4,79,0,9,0.9,1.3,0,0.158,0.045,3.61,0.216,7,0,7,7,0,0,0,0,0,0,0
498,2,* CHILLIES DRY *BOILED*                                     ,90,10,246,15.9,6.2,31.6,0,160,2.3,0,42.5,0.837,0.409,9.025,0,0,0,0,0,0,0,0,0,0,328,0
499,2,* RICE RAW HANDPOUNDED *BOILED*                             ,86.7,13.3,346,7.5,1,76.7,0,10,2.9,1.3,0,0.158,0.144,3.705,0,0,0,0,0,0,0,0,0,0,2,0
500,2,* RICE RAW MILLED *BOILED*                                  ,86.3,13.7,345,6.8,0.5,78.2,4,10,0.6,1.2,0,0.045,0.054,1.805,0,5,0,5,5,0,0,0,0,0,0,0
501,2,* POTATO *BOILED*                                           ,25.3,74.7,97,1.6,0.1,22.6,2,10,0.4,0.5,12.8,0.08,0.01,1.14,0,6,0,6,6,0,0,0,0,0,24,0
502,2,* ONION SMALL *BOILED*                                      ,15.7,84.3,59,1.8,0.1,12.6,0,38,1.1,0,1.6,0.068,0.019,0.45,0,0,0,0,0,0,0,0,0,0,14,0
503,2,* ONION BIG *BOILED*                                        ,13.4,86.6,50,1.2,0.1,11.1,2,45,0.6,0.4,8.8,0.068,0.01,0.36,0,4,0,4,4,0,0,0,0,0,0,0
504,4,* LADIES FINGERS *FRIED*                                    ,10.4,89.6,35,1.9,0.2,6.4,4,66,0.3,0.4,11.1,0.063,0.095,0.57,0,89,0,89,89,0,0,0,0,0,47,0
505,4,* OMUM *FRIED*                                              ,92.6,7.4,363,17.1,21.8,24.6,47,1525,12.5,4.5,0,0.179,0.266,1.89,0,0,0,0,0,0,0,0,0,0,60,0
506,4,* KANKODA *FRIED*                                           ,15.9,84.1,52,3.1,1,7.7,0,33,4.6,0,0,0.043,0.171,0.54,0,0,0,0,0,0,0,0,0,0,1377,0
507,4,* BOTTLE GOURD *FRIED*                                      ,3.9,96.1,12,0.2,0.1,2.5,2,20,0.4,0.2,0,0.026,0.01,0.18,0,0,0,0,0,0,0,0,0,0,0,0
508,4,* GHOSALA *FRIED*                                           ,6.8,93.2,18,1.2,0.2,2.9,0,36,1.1,0,0,0.017,0.057,0.36,0,0,0,0,0,0,0,0,0,0,102,0
509,2,* BRINJAL *BOILED*                                          ,7.3,92.7,24,1.4,0.3,4,6,18,0.3,0.2,10.2,0.036,0.105,0.855,0,29,0,29,29,0,0,0,0,0,70,0
510,2,* MUSTARD SEEDS *BOILED*                                    ,91.5,8.5,541,20,39.7,23.8,14,490,7.9,4.8,0,0.553,0.247,3.8,0,0,0,0,0,0,0,0,0,0,154,0
511,2,* GREEN GRAM WHOLE *BOILED*                                 ,89.6,10.4,334,24,1.3,56.7,17,105,3.7,2.6,0,0.306,0.203,1.47,0,0,0,0,0,0,0,0,0,0,80,0
512,2,* BENGAL GRAM *BOILED*                                      ,90.2,9.8,360,17.1,5.3,60.9,28,172,3.7,5.2,2,0.18,0.105,1.885,0,84,0,84,84,0,0,0,0,0,161,0
513,2,* TOMATO RIPE *BOILED*                                      ,6,94,20,0.9,0.2,3.6,0,48,0.6,0.4,25.7,0.114,0.057,0.38,0,21,0,21,21,0,0,0,0,0,333,0
514,2,* CLUSTER BEANS *BOILED*                                    ,19,81,16,3.2,0.4,10.8,6,111,0.8,0.3,31.9,0.054,0.021,0.39,0,65,0,65,65,0,0,0,0,0,168,0
515,2,* BITTER GOURD *BOILED*                                     ,7.6,92.4,25,1.6,0.2,4.2,4,19,0.6,0.4,70.4,0.06,0.086,0.45,0,0,0,0,0,0,0,0,0,0,113,0
516,2,* PINK BEANS *BOILED*                                       ,13.2,86.8,44,3.1,0.4,7,0,46,1.2,0,7.8,0.036,0.014,0.39,0,0,0,0,0,0,0,0,0,0,385,0
517,2,* COWPEA PODS *BOILED*                                      ,14.7,85.3,48,3.5,0.2,8.1,0,68,2.4,0,8.4,0.06,0.086,0.81,0,0,0,0,0,0,0,0,0,0,536,0
518,2,* CABBAGE *BOILED*                                          ,8.1,91.9,27,1.8,0.1,4.6,3,39,0.8,0.3,105.4,0.054,0.086,0.38,0,20,0,20,20,0,0,0,0,0,108,0
519,2,* GREEN GRAM DHAL *BOILED*                                  ,89.9,10.1,348,24.5,1.2,59.9,8,64,3.1,2.4,0,0.282,0.147,1.56,0,63,0,63,63,0,0,0,0,0,42,0
520,2,* RED GRAM DHAL *BOILED*                                    ,86.6,13.4,335,22.3,1.7,57.6,9,62,2.2,0.8,0,0.27,0.133,1.885,0.351,46,0,46,46,0,0,0,0,0,112,0
521,2,* BENGAL GRAM DHAL *BOILED*                                 ,90.1,9.9,378,20.8,5.6,59.8,15,48,3.7,1.4,0.7,0.288,0.126,1.56,0,67,0,67,67,0,0,0,0,0,110,0
522,2,* GHEE *BOILED/ROASTED*                                     ,0,100,900,0,100,0,0,0,0,0,0,0,0,0,0,0,0,0,0,0,0,0,0,0,600,0
523,2,* WHEAT SEMOLINA *ROASTED/BOILED*                           ,100,0,348,10.4,0.8,74.8,0,16,1.5,0,0,0.09,0.026,1.6,0,0,0,0,0,0,0,0,0,0,0,0
524,2,* JAGGERY ROASTED/BOILED*                                   ,96.1,3.9,383,0.4,0.1,95,0,76,2.5,0,0,0,0,0,0,0,0,0,0,0,0,0,0,0,0,0
525,2,* PARVAL *BOILED*                                           ,8,92,20,2,0.3,2.2,0,30,1.7,0,20.3,0.045,0.057,0.475,0,0,0,0,0,0,0,0,0,0,145,0
526,5,* RAJKEERA SEEDS *ROASTED*                                  ,90.7,9.3,364,16.5,5.3,62.7,0,223,17.6,0,0,0,0,0,0,0,0,0,0,0,0,0,0,0,0,0
